sample_id,split,image,actual,predicted,confidence,reviewer,assessment,visual_observation,assessment_reason,image_sha256,previous_human_tag,human_tag,review_note,tag_review_status
cifar10_train_4025,Validation,errors/cifar10_train_4025.png,cat,dog,0.7119657397270203,AI visual review,시각적 가설로 가능,밝은 둥근 얼굴과 갈색 몸통이 보이고 귀·주둥이 세부가 뭉개져 있다.,작은 얼굴에서 고양이와 개를 구별하는 특징이 약해 유사성 가설은 가능하다.,7b4b9be890d2761d8fb852cc249a6a18abc81dc506b23ac6537de32d77f674bf,class_similarity,class_similarity,밝은 둥근 얼굴과 갈색 몸통이 보이고 귀·주둥이 세부가 뭉개져 있다. 귀·얼굴 또는 전신 자세에서 다른 클래스와 비슷하게 읽힐 여지가 있어 유사성 가설로 분류. 실제 모델 판단 근거는 미확인.,ai_draft_pending_human_review
cifar10_train_47823,Validation,errors/cifar10_train_47823.png,cat,dog,0.8709502816200256,AI visual review,수치상 타당·원인 설명 아님,갈색 동물이 실내 물건 사이에 있고 얼굴과 배경의 경계가 흐리다.,오답 클래스 점수 0.870950 > 0.8로 태그 정의에 맞는다. 다만 이미지에서 확인한 오분류 원인은 아니다.,6dd3f7f3ea871bd51ac5fb9109829321ab34fcebfdfadccd87111cccd2af0127,high_confidence_error,background_clutter,갈색 동물이 실내 물건 사이에 있고 얼굴과 배경의 경계가 흐리다. 배경의 물건·색·무늬와 피사체 경계가 섞이는 점을 우선 기록. 모델이 배경을 사용했는지는 미확인.,ai_draft_pending_human_review
cifar10_train_43254,Validation,errors/cifar10_train_43254.png,cat,dog,0.8513617515563965,AI visual review,수치상 타당·원인 설명 아님,몸을 낮춘 어두운 동물의 옆모습이며 얼굴이 작고 몸통 무늬와 섞인다.,오답 클래스 점수 0.851362 > 0.8로 태그 정의에 맞는다. 다만 이미지에서 확인한 오분류 원인은 아니다.,a50c015f9c974c8db823822f903fe7f8b6589210b9441234a5078ddd23c07ab2,high_confidence_error,low_resolution,몸을 낮춘 어두운 동물의 옆모습이며 얼굴이 작고 몸통 무늬와 섞인다. 32×32 이미지에서 얼굴·몸의 구별에 필요한 세부를 충분히 읽기 어려워 분류. 촬영 흔들림이나 조명 부족을 별도로 단정하지 않음.,ai_draft_pending_human_review
cifar10_train_14485,Validation,errors/cifar10_train_14485.png,cat,dog,0.46878188848495483,AI visual review,시각적 근거 부족·재검토,흰색과 검은색 피사체 주변에 여러 색의 물건이 겹쳐 윤곽이 불명확하다.,클래스 간 유사성보다 배경 혼잡과 세부 식별의 어려움이 직접 관찰된다.,9bb334a6d0a275a9c45f5b7e0a0d14fbe62dca81daf554a1f73b4e68f7bc3f16,class_similarity,background_clutter,흰색과 검은색 피사체 주변에 여러 색의 물건이 겹쳐 윤곽이 불명확하다. 배경의 물건·색·무늬와 피사체 경계가 섞이는 점을 우선 기록. 모델이 배경을 사용했는지는 미확인.,ai_draft_pending_human_review
cifar10_train_48443,Validation,errors/cifar10_train_48443.png,cat,deer,0.8980385065078735,AI visual review,시각적 근거 부족·재검토,갈색 피사체가 녹색 풀 위에 서 있고 몸통이 배경보다 어둡다.,어두운 털색·대비와 조명 부족을 구분하기 어렵다. 낮은 전체 밝기만으로 조명 원인을 확정하기 어렵다.,0ef1522b80cfb076cc3df287bbd7773c14cbf99a2fc89d028d87861c6584ad5b,dark_lighting,low_resolution,갈색 피사체가 녹색 풀 위에 서 있고 몸통이 배경보다 어둡다. 어두운 몸과 작은 얼굴에서 구별 세부가 부족함. 털색과 배경 대비의 영향을 조명 부족으로 단정하지 않음.,ai_draft_pending_human_review
cifar10_train_43339,Validation,errors/cifar10_train_43339.png,cat,dog,0.9768683910369873,AI visual review,수치상 타당·원인 설명 아님,밝은 바닥 위 작은 전신이며 얼굴을 구성하는 픽셀이 적다.,오답 클래스 점수 0.976868 > 0.8로 태그 정의에 맞는다. 다만 이미지에서 확인한 오분류 원인은 아니다.,015407cd7952348ae3c05e9f02ddc756030d8d7a6c123904775f097326a5d234,high_confidence_error,low_resolution,밝은 바닥 위 작은 전신이며 얼굴을 구성하는 픽셀이 적다. 32×32 이미지에서 얼굴·몸의 구별에 필요한 세부를 충분히 읽기 어려워 분류. 촬영 흔들림이나 조명 부족을 별도로 단정하지 않음.,ai_draft_pending_human_review
cifar10_train_11386,Validation,errors/cifar10_train_11386.png,cat,dog,0.9998072981834412,AI visual review,수치상 타당·원인 설명 아님,어두운 배경 앞 얼굴과 흰 가슴이 보이며 뾰족한 귀 윤곽이 남아 있다.,오답 클래스 점수 0.999807 > 0.8로 태그 정의에 맞는다. 다만 이미지에서 확인한 오분류 원인은 아니다.,5615162f0709a271bf87e1fccb8ab5dba71e7854c6c52db2e564254c007c29d2,high_confidence_error,model_limitation,어두운 배경 앞 얼굴과 흰 가슴이 보이며 뾰족한 귀 윤곽이 남아 있다. 사람이 클래스를 구별할 형태 단서가 남아 있는데 모델이 오분류한 사례로 분류. 원인은 미확인이고 특정 특징을 학습하지 못했다고 단정하지 않음.,ai_draft_pending_human_review
cifar10_train_32172,Validation,errors/cifar10_train_32172.png,cat,dog,0.6842833161354065,AI visual review,시각적 가설로 가능,갈색·흰색 몸이 둥글게 말려 있고 얼굴과 몸통의 경계가 불분명하다.,자세와 작은 얼굴 때문에 고양이·개 구별이 어려울 가능성이 있다.,16ba512bb8fd68fa5d7c4f683b9d0fdddd9cbe0021035b3d6fcc08361c038161,class_similarity,class_similarity,갈색·흰색 몸이 둥글게 말려 있고 얼굴과 몸통의 경계가 불분명하다. 귀·얼굴 또는 전신 자세에서 다른 클래스와 비슷하게 읽힐 여지가 있어 유사성 가설로 분류. 실제 모델 판단 근거는 미확인.,ai_draft_pending_human_review
cifar10_train_47667,Validation,errors/cifar10_train_47667.png,cat,dog,0.6083481907844543,AI visual review,시각적 근거 부족·재검토,파란 배경 앞 전신과 위로 든 긴 꼬리가 보이고 얼굴은 작다.,고양이 형태를 읽을 단서가 남아 있다. 개와 닮은 구체적인 특징은 약하다.,43fb9b03490e9bbffc8d1b5d3183cd963ab9523d8ecd4c605be06b36a8c64656,class_similarity,model_limitation,파란 배경 앞 전신과 위로 든 긴 꼬리가 보이고 얼굴은 작다. 사람이 클래스를 구별할 형태 단서가 남아 있는데 모델이 오분류한 사례로 분류. 원인은 미확인이고 특정 특징을 학습하지 못했다고 단정하지 않음.,ai_draft_pending_human_review
cifar10_train_17024,Validation,errors/cifar10_train_17024.png,cat,dog,0.9598528146743774,AI visual review,수치상 타당·원인 설명 아님,갈색 피사체가 비슷한 색의 바닥·가구 앞에 있어 몸과 배경의 대비가 낮다.,오답 클래스 점수 0.959853 > 0.8로 태그 정의에 맞는다. 다만 이미지에서 확인한 오분류 원인은 아니다.,155d5b2e1f8b8e684cd9df022ca555c7e75f0a7ed2564498d01df724ca138bc6,high_confidence_error,background_clutter,갈색 피사체가 비슷한 색의 바닥·가구 앞에 있어 몸과 배경의 대비가 낮다. 배경의 물건·색·무늬와 피사체 경계가 섞이는 점을 우선 기록. 모델이 배경을 사용했는지는 미확인.,ai_draft_pending_human_review
cifar10_train_38229,Validation,errors/cifar10_train_38229.png,cat,dog,0.7286877036094666,AI visual review,시각적 근거 부족·재검토,회색 바닥의 흰색·검은색 작은 덩어리 형태로 얼굴 방향도 불명확하다.,닮았다는 판단에 필요한 형태 자체가 부족하다. 세부 식별 불가로 기록하는 편이 적절하다.,7eb12803562fc6cf095531b358de0a1d5534d75dbe741f59ede8b0ca7f9e7ac0,class_similarity,low_resolution,회색 바닥의 흰색·검은색 작은 덩어리 형태로 얼굴 방향도 불명확하다. 32×32 이미지에서 얼굴·몸의 구별에 필요한 세부를 충분히 읽기 어려워 분류. 촬영 흔들림이나 조명 부족을 별도로 단정하지 않음.,ai_draft_pending_human_review
cifar10_train_39313,Validation,errors/cifar10_train_39313.png,cat,dog,0.9467381238937378,AI visual review,수치상 타당·원인 설명 아님,줄무늬 몸과 얼굴이 보이고 오른쪽 구조물 및 배경과 가깝게 맞닿아 있다.,오답 클래스 점수 0.946738 > 0.8로 태그 정의에 맞는다. 다만 이미지에서 확인한 오분류 원인은 아니다.,289dc864ee4cf25cacb24667051ac492b213879262285782e5ce589a0c796ee0,high_confidence_error,model_limitation,줄무늬 몸과 얼굴이 보이고 오른쪽 구조물 및 배경과 가깝게 맞닿아 있다. 사람이 클래스를 구별할 형태 단서가 남아 있는데 모델이 오분류한 사례로 분류. 원인은 미확인이고 특정 특징을 학습하지 못했다고 단정하지 않음.,ai_draft_pending_human_review
cifar10_train_25077,Validation,errors/cifar10_train_25077.png,cat,deer,0.535248875617981,AI visual review,시각적 근거 부족·재검토,뾰족한 귀와 줄무늬 얼굴이 크게 보이며 일부 얼굴은 그림자에 있다.,사슴과 닮은 구체적인 특징은 이미지에서 뚜렷하지 않다.,5bc441607710b029eaa6d09431ae8509bbd8f2a8a0cf545234f0df7b5a8a2daf,class_similarity,model_limitation,뾰족한 귀와 줄무늬 얼굴이 크게 보이며 일부 얼굴은 그림자에 있다. 사람이 클래스를 구별할 형태 단서가 남아 있는데 모델이 오분류한 사례로 분류. 원인은 미확인이고 특정 특징을 학습하지 못했다고 단정하지 않음.,ai_draft_pending_human_review
cifar10_train_2505,Validation,errors/cifar10_train_2505.png,cat,dog,0.6493538618087769,AI visual review,시각적 가설로 가능,붉은 바닥에 누운 동물의 옆얼굴과 몸이 작고 흐리게 보인다.,누운 자세에서 귀와 주둥이를 구분하기 어려워 개와의 유사성 가설은 가능하다.,884a248a98483942a5675b3ce3f56af52e0bea6337fbe9952d86f09cf881ca0c,class_similarity,class_similarity,붉은 바닥에 누운 동물의 옆얼굴과 몸이 작고 흐리게 보인다. 귀·얼굴 또는 전신 자세에서 다른 클래스와 비슷하게 읽힐 여지가 있어 유사성 가설로 분류. 실제 모델 판단 근거는 미확인.,ai_draft_pending_human_review
cifar10_train_1041,Validation,errors/cifar10_train_1041.png,cat,dog,0.7626124620437622,AI visual review,시각적 근거 부족·재검토,밝은 몸통이 주변의 붉고 어두운 물건들과 겹치며 얼굴 위치가 불명확하다.,두 클래스가 닮았다는 근거보다 배경 혼잡과 낮은 세부 식별성이 더 직접적이다.,6175939fe4c02163f3aca22c16234f090b31e147d877a9171925ec4b2078548a,class_similarity,background_clutter,밝은 몸통이 주변의 붉고 어두운 물건들과 겹치며 얼굴 위치가 불명확하다. 배경의 물건·색·무늬와 피사체 경계가 섞이는 점을 우선 기록. 모델이 배경을 사용했는지는 미확인.,ai_draft_pending_human_review
cifar10_train_41540,Validation,errors/cifar10_train_41540.png,cat,dog,0.6284939050674438,AI visual review,시각적 근거 부족·재검토,앉은 흰 가슴의 동물과 얼굴 윤곽이 보이며 주변에 수직 구조물이 있다.,고양이 단서가 남아 있고 개와 닮은 특징을 특정하기 어렵다.,8e8b33c14f8f38f97663b366ce9e0596acb0a3d551eb5da05491f65bbd92f37f,class_similarity,model_limitation,앉은 흰 가슴의 동물과 얼굴 윤곽이 보이며 주변에 수직 구조물이 있다. 사람이 클래스를 구별할 형태 단서가 남아 있는데 모델이 오분류한 사례로 분류. 원인은 미확인이고 특정 특징을 학습하지 못했다고 단정하지 않음.,ai_draft_pending_human_review
cifar10_train_5473,Validation,errors/cifar10_train_5473.png,cat,deer,0.9859902858734131,AI visual review,수치상 타당·원인 설명 아님,풀 위를 걷는 전신이며 긴 다리 윤곽에 비해 머리는 작다.,오답 클래스 점수 0.985990 > 0.8로 태그 정의에 맞는다. 다만 이미지에서 확인한 오분류 원인은 아니다.,177e5ef5a45c42d7de786fefb5145df8653ac5a6a5651597e1bba7640ff11e17,high_confidence_error,model_limitation,풀 위를 걷는 전신이며 긴 다리 윤곽에 비해 머리는 작다. 사람이 클래스를 구별할 형태 단서가 남아 있는데 모델이 오분류한 사례로 분류. 원인은 미확인이고 특정 특징을 학습하지 못했다고 단정하지 않음.,ai_draft_pending_human_review
cifar10_train_19780,Validation,errors/cifar10_train_19780.png,cat,dog,0.5739031434059143,AI visual review,시각적 근거 부족·재검토,단색 배경 앞 앉은 동물의 뾰족한 귀와 긴 꼬리가 보인다.,고양이 형태 단서가 비교적 분명해 개와의 유사성만을 원인으로 적기 어렵다.,f9fe433f5131f076bf6031cf6eede7e67baff0ecc88bfa988bad75fe1adbab6d,class_similarity,model_limitation,단색 배경 앞 앉은 동물의 뾰족한 귀와 긴 꼬리가 보인다. 사람이 클래스를 구별할 형태 단서가 남아 있는데 모델이 오분류한 사례로 분류. 원인은 미확인이고 특정 특징을 학습하지 못했다고 단정하지 않음.,ai_draft_pending_human_review
cifar10_train_34011,Validation,errors/cifar10_train_34011.png,cat,deer,0.9962718486785889,AI visual review,수치상 타당·원인 설명 아님,길과 수풀 사이 작은 전신이며 꼬리는 올라가 있고 얼굴은 매우 작다.,오답 클래스 점수 0.996272 > 0.8로 태그 정의에 맞는다. 다만 이미지에서 확인한 오분류 원인은 아니다.,95621985a57c7a1a57e9a1d84aa43d6b0e125ce47d00d72a838c3fdb6cfd33f9,high_confidence_error,low_resolution,길과 수풀 사이 작은 전신이며 꼬리는 올라가 있고 얼굴은 매우 작다. 32×32 이미지에서 얼굴·몸의 구별에 필요한 세부를 충분히 읽기 어려워 분류. 촬영 흔들림이나 조명 부족을 별도로 단정하지 않음.,ai_draft_pending_human_review
cifar10_train_28574,Validation,errors/cifar10_train_28574.png,cat,dog,0.7823394536972046,AI visual review,시각적 근거 부족·재검토,검은 동물이 밝은 상자 뒤에 있고 귀는 보이나 하체는 가려져 있다.,가림과 어두운 몸의 세부 소실이 보인다. 클래스 유사성은 확인하기 어렵다.,7825b38e9d40e2baedfa79096a8793a57fb8a7768f26f8cb1211013f695bb626,class_similarity,occlusion,검은 동물이 밝은 상자 뒤에 있고 귀는 보이나 하체는 가려져 있다. 상자 등 주변 물체에 피사체 일부가 가려져 전신 단서가 부족한 점을 기록.,ai_draft_pending_human_review
cifar10_train_15876,Validation,errors/cifar10_train_15876.png,cat,dog,0.9835298657417297,AI visual review,수치상 타당·원인 설명 아님,밝은 바닥 위 어두운 웅크린 몸이며 얼굴 방향과 세부가 잘 보이지 않는다.,오답 클래스 점수 0.983530 > 0.8로 태그 정의에 맞는다. 다만 이미지에서 확인한 오분류 원인은 아니다.,ca096e201b31304fa108e4933af06b99eb47e32d790514f4c9640fd979d74a5b,high_confidence_error,low_resolution,밝은 바닥 위 어두운 웅크린 몸이며 얼굴 방향과 세부가 잘 보이지 않는다. 32×32 이미지에서 얼굴·몸의 구별에 필요한 세부를 충분히 읽기 어려워 분류. 촬영 흔들림이나 조명 부족을 별도로 단정하지 않음.,ai_draft_pending_human_review
cifar10_train_45752,Validation,errors/cifar10_train_45752.png,cat,dog,0.9717126488685608,AI visual review,수치상 타당·원인 설명 아님,밝은 배경에 흰색·검은색 얼굴 또는 상체가 보이며 경계가 뭉개져 있다.,오답 클래스 점수 0.971713 > 0.8로 태그 정의에 맞는다. 다만 이미지에서 확인한 오분류 원인은 아니다.,8500e5f401a852de86ee09c100e7520fb6cbb0f08400eb74fe6729cb04675051,high_confidence_error,low_resolution,밝은 배경에 흰색·검은색 얼굴 또는 상체가 보이며 경계가 뭉개져 있다. 32×32 이미지에서 얼굴·몸의 구별에 필요한 세부를 충분히 읽기 어려워 분류. 촬영 흔들림이나 조명 부족을 별도로 단정하지 않음.,ai_draft_pending_human_review
cifar10_train_1271,Validation,errors/cifar10_train_1271.png,cat,dog,0.5535932779312134,AI visual review,시각적 근거 부족·재검토,갈색 동물이 앉아 있고 얼굴과 다리가 흐리게 뭉개져 있다.,종간 유사성을 특정하기보다 얼굴 세부가 부족하다는 관찰이 더 확실하다.,b2f8719a8e9b8d1a121ba435dbd49aa6a65d18f2a724d0c28496043c89e9a13f,class_similarity,low_resolution,갈색 동물이 앉아 있고 얼굴과 다리가 흐리게 뭉개져 있다. 32×32 이미지에서 얼굴·몸의 구별에 필요한 세부를 충분히 읽기 어려워 분류. 촬영 흔들림이나 조명 부족을 별도로 단정하지 않음.,ai_draft_pending_human_review
cifar10_train_24652,Validation,errors/cifar10_train_24652.png,cat,dog,0.9730135798454285,AI visual review,수치상 타당·원인 설명 아님,흰 털의 둥근 얼굴과 작은 눈·코가 정면으로 크게 보인다.,오답 클래스 점수 0.973014 > 0.8로 태그 정의에 맞는다. 다만 이미지에서 확인한 오분류 원인은 아니다.,b4ff5f135dfd75f9e61e7ee03c543ec3c9df00cac9d4575d7380fc7f6aa605b2,high_confidence_error,class_similarity,흰 털의 둥근 얼굴과 작은 눈·코가 정면으로 크게 보인다. 귀·얼굴 또는 전신 자세에서 다른 클래스와 비슷하게 읽힐 여지가 있어 유사성 가설로 분류. 실제 모델 판단 근거는 미확인.,ai_draft_pending_human_review
cifar10_train_45209,Validation,errors/cifar10_train_45209.png,cat,dog,0.679094672203064,AI visual review,시각적 가설로 가능,흰 얼굴과 어두운 귀·눈 주변이 보이며 주둥이 길이가 불명확하다.,얼굴 배색과 작은 주둥이의 구별 어려움 때문에 개와의 유사성은 가능하다.,eee737a363370f51471ea961c8b4ba9033ac7d1791a9e5b98ffef58ef53591cd,class_similarity,class_similarity,흰 얼굴과 어두운 귀·눈 주변이 보이며 주둥이 길이가 불명확하다. 귀·얼굴 또는 전신 자세에서 다른 클래스와 비슷하게 읽힐 여지가 있어 유사성 가설로 분류. 실제 모델 판단 근거는 미확인.,ai_draft_pending_human_review
cifar10_train_4437,Validation,errors/cifar10_train_4437.png,cat,dog,0.9994766116142273,AI visual review,수치상 타당·원인 설명 아님,녹색 풀 앞 주황색 전신이 옆으로 보이며 얼굴 세부가 적다.,오답 클래스 점수 0.999477 > 0.8로 태그 정의에 맞는다. 다만 이미지에서 확인한 오분류 원인은 아니다.,e82209a32b209cd90cf6da1e979b45b29f995d2a7fb096335af61cc3786f210d,high_confidence_error,model_limitation,녹색 풀 앞 주황색 전신이 옆으로 보이며 얼굴 세부가 적다. 사람이 클래스를 구별할 형태 단서가 남아 있는데 모델이 오분류한 사례로 분류. 원인은 미확인이고 특정 특징을 학습하지 못했다고 단정하지 않음.,ai_draft_pending_human_review
cifar10_train_9394,Validation,errors/cifar10_train_9394.png,cat,dog,0.9450091123580933,AI visual review,수치상 타당·원인 설명 아님,수풀 앞 작은 갈색 피사체로 배경이 차지하는 면적이 크다.,오답 클래스 점수 0.945009 > 0.8로 태그 정의에 맞는다. 다만 이미지에서 확인한 오분류 원인은 아니다.,c005151bd10129094b43b5fa7324094ffbe1e980b709499a4a2bb07ab01bde69,high_confidence_error,low_resolution,수풀 앞 작은 갈색 피사체로 배경이 차지하는 면적이 크다. 32×32 이미지에서 얼굴·몸의 구별에 필요한 세부를 충분히 읽기 어려워 분류. 촬영 흔들림이나 조명 부족을 별도로 단정하지 않음.,ai_draft_pending_human_review
cifar10_train_46812,Validation,errors/cifar10_train_46812.png,cat,dog,0.8021509051322937,AI visual review,수치상 타당·원인 설명 아님,밝은 줄무늬 몸 또는 얼굴이 화면을 채우지만 경계가 강하게 뭉개져 있다.,오답 클래스 점수 0.802151 > 0.8로 태그 정의에 맞는다. 다만 이미지에서 확인한 오분류 원인은 아니다.,b9313c6f2c7e1113ed4f79e0e40ef77fbb9a387f73ed66dab95b91a8080be47f,high_confidence_error,low_resolution,밝은 줄무늬 몸 또는 얼굴이 화면을 채우지만 경계가 강하게 뭉개져 있다. 32×32 이미지에서 얼굴·몸의 구별에 필요한 세부를 충분히 읽기 어려워 분류. 촬영 흔들림이나 조명 부족을 별도로 단정하지 않음.,ai_draft_pending_human_review
cifar10_train_24031,Validation,errors/cifar10_train_24031.png,cat,dog,0.5546903014183044,AI visual review,시각적 가설로 가능,붉은 바닥에 엎드린 줄무늬 얼굴이 정면으로 보이며 귀가 뚜렷하지 않다.,정면의 둥근 얼굴에서 고양이·개를 구분하는 귀와 주둥이 단서가 약하다.,435e435458bf81dd8e006eafb4f12c529bedbdcd510c23534134b9b77c372f9c,class_similarity,class_similarity,붉은 바닥에 엎드린 줄무늬 얼굴이 정면으로 보이며 귀가 뚜렷하지 않다. 귀·얼굴 또는 전신 자세에서 다른 클래스와 비슷하게 읽힐 여지가 있어 유사성 가설로 분류. 실제 모델 판단 근거는 미확인.,ai_draft_pending_human_review
cifar10_train_28162,Validation,errors/cifar10_train_28162.png,cat,dog,0.8627135157585144,AI visual review,수치상 타당·원인 설명 아님,줄무늬 배경과 가는 구조물 앞 갈색 동물이 앉아 있어 윤곽이 배경과 섞인다.,오답 클래스 점수 0.862714 > 0.8로 태그 정의에 맞는다. 다만 이미지에서 확인한 오분류 원인은 아니다.,b042841ee5c91e9eaa74e981357ebe55fb600563055fc636e177a55b6aef49dc,high_confidence_error,background_clutter,줄무늬 배경과 가는 구조물 앞 갈색 동물이 앉아 있어 윤곽이 배경과 섞인다. 배경의 물건·색·무늬와 피사체 경계가 섞이는 점을 우선 기록. 모델이 배경을 사용했는지는 미확인.,ai_draft_pending_human_review
cifar10_train_34579,Validation,errors/cifar10_train_34579.png,cat,dog,0.9047228097915649,AI visual review,시각적 가설로 가능,검은 배경 앞 어두운 몸통의 세부는 약하고 얼굴·가슴 일부와 아래 주황색 면은 밝다.,국소적인 어둠이 식별을 방해할 가능성은 있다. 다만 털색·배경 영향과 조명 부족은 분리할 수 없다.,00ecdaf65c9d0f206b0c3ebb97ac30a38de0b01b47c7089a81e9ff01d035181d,dark_lighting,low_resolution,검은 배경 앞 어두운 몸통의 세부는 약하고 얼굴·가슴 일부와 아래 주황색 면은 밝다. 어두운 털·배경 사이에서 몸과 얼굴 세부가 부족함. 조명 자체가 원인인지는 불확실함.,ai_draft_pending_human_review
cifar10_train_24036,Validation,errors/cifar10_train_24036.png,cat,dog,0.8143923878669739,AI visual review,수치상 타당·원인 설명 아님,갈색 바닥의 회색·흰색 피사체가 작은 덩어리로 보여 자세와 얼굴이 불명확하다.,오답 클래스 점수 0.814392 > 0.8로 태그 정의에 맞는다. 다만 이미지에서 확인한 오분류 원인은 아니다.,279366dc223493c60e6c58e332520ea1162107e0aec153ad7e62075045205461,high_confidence_error,low_resolution,갈색 바닥의 회색·흰색 피사체가 작은 덩어리로 보여 자세와 얼굴이 불명확하다. 32×32 이미지에서 얼굴·몸의 구별에 필요한 세부를 충분히 읽기 어려워 분류. 촬영 흔들림이나 조명 부족을 별도로 단정하지 않음.,ai_draft_pending_human_review
cifar10_train_36269,Validation,errors/cifar10_train_36269.png,cat,dog,0.5183003544807434,AI visual review,시각적 가설로 가능,주황색 몸이 말린 자세이며 옆얼굴과 귀 일부가 몸통에 겹친다.,웅크린 자세와 겹친 얼굴 때문에 두 클래스의 형태가 비슷하게 보일 수 있다.,05b463d5c2e963f7a9d9691926c6130a1d936255f855a08b0e609e8c525d3273,class_similarity,class_similarity,주황색 몸이 말린 자세이며 옆얼굴과 귀 일부가 몸통에 겹친다. 귀·얼굴 또는 전신 자세에서 다른 클래스와 비슷하게 읽힐 여지가 있어 유사성 가설로 분류. 실제 모델 판단 근거는 미확인.,ai_draft_pending_human_review
cifar10_train_41918,Validation,errors/cifar10_train_41918.png,cat,deer,0.6103193759918213,AI visual review,시각적 근거 부족·재검토,회청색 무늬가 화면을 채우고 얼굴·몸의 경계를 안정적으로 읽기 어렵다.,사슴과의 유사성을 판단할 만큼 형태가 분명하지 않다.,370dc7b8da06ec48d33f3ea28ed536f33ea07f67d642f8d2428c34f63a479970,class_similarity,low_resolution,회청색 무늬가 화면을 채우고 얼굴·몸의 경계를 안정적으로 읽기 어렵다. 32×32 이미지에서 얼굴·몸의 구별에 필요한 세부를 충분히 읽기 어려워 분류. 촬영 흔들림이나 조명 부족을 별도로 단정하지 않음.,ai_draft_pending_human_review
cifar10_train_28786,Validation,errors/cifar10_train_28786.png,cat,dog,0.9188403487205505,AI visual review,시각적 가설로 가능,어두운 배경과 얼굴 상부에 비해 흰 가슴은 밝고 한쪽 눈 부근만 두드러진다.,얼굴의 그림자와 낮은 대비가 보조 가설이 될 수 있다. 전체적인 저조도라고 확정할 수는 없다.,7cb122b77fbcded990a01355145521a5d5f4dcda59f0d04b8ae7f196b19b4a73,dark_lighting,model_limitation,어두운 배경과 얼굴 상부에 비해 흰 가슴은 밝고 한쪽 눈 부근만 두드러진다. 귀와 얼굴·가슴 윤곽의 고양이 단서가 남아 있으나 dog으로 오분류. 밝은 가슴과 어두운 얼굴만으로 조명 원인을 확정하지 않음.,ai_draft_pending_human_review
cifar10_train_517,Validation,errors/cifar10_train_517.png,cat,dog,0.9885841608047485,AI visual review,수치상 타당·원인 설명 아님,어두운 배경 앞 머리와 밝은 가슴이 보이고 몸 일부는 주변 구조물과 겹친다.,오답 클래스 점수 0.988584 > 0.8로 태그 정의에 맞는다. 다만 이미지에서 확인한 오분류 원인은 아니다.,b80bf3ea34fad840a0e9c801cfd24789535e9a4c35a094587376f62a89f99b65,high_confidence_error,model_limitation,어두운 배경 앞 머리와 밝은 가슴이 보이고 몸 일부는 주변 구조물과 겹친다. 사람이 클래스를 구별할 형태 단서가 남아 있는데 모델이 오분류한 사례로 분류. 원인은 미확인이고 특정 특징을 학습하지 못했다고 단정하지 않음.,ai_draft_pending_human_review
cifar10_train_966,Validation,errors/cifar10_train_966.png,deer,dog,0.9979060888290405,AI visual review,수치상 타당·원인 설명 아님,풀 위 정면 얼굴과 귀가 보이고 코 주변의 밝은 무늬가 두드러진다.,오답 클래스 점수 0.997906 > 0.8로 태그 정의에 맞는다. 다만 이미지에서 확인한 오분류 원인은 아니다.,8ffb54050abc2832655001a391779775579c2f47c0294c83031fdc98a059c6f2,high_confidence_error,class_similarity,풀 위 정면 얼굴과 귀가 보이고 코 주변의 밝은 무늬가 두드러진다. 귀·얼굴 또는 전신 자세에서 다른 클래스와 비슷하게 읽힐 여지가 있어 유사성 가설로 분류. 실제 모델 판단 근거는 미확인.,ai_draft_pending_human_review
cifar10_train_10489,Validation,errors/cifar10_train_10489.png,deer,cat,0.45791560411453247,AI visual review,시각적 가설로 가능,어두운 몸과 위로 뻗은 귀·머리 윤곽이 작은 크기로 보인다.,작은 귀와 머리 실루엣이 고양이처럼 읽힐 가능성은 있으나 세부가 부족하다.,874eeb49527cf56b6b2983ea483e4889a85fe032c1e8ae08eb9f043f0e6855f8,class_similarity,class_similarity,어두운 몸과 위로 뻗은 귀·머리 윤곽이 작은 크기로 보인다. 귀·얼굴 또는 전신 자세에서 다른 클래스와 비슷하게 읽힐 여지가 있어 유사성 가설로 분류. 실제 모델 판단 근거는 미확인.,ai_draft_pending_human_review
cifar10_train_16155,Validation,errors/cifar10_train_16155.png,deer,cat,0.9999485015869141,AI visual review,수치상 타당·원인 설명 아님,밝은 배경에 큰 귀와 가는 얼굴이 보이며 밝은 영역의 세부가 약하다.,오답 클래스 점수 0.999949 > 0.8로 태그 정의에 맞는다. 다만 이미지에서 확인한 오분류 원인은 아니다.,25578df2558c14b322870777d17d9598c36906dd33961c9f58fccc15d410eca4,high_confidence_error,model_limitation,밝은 배경에 큰 귀와 가는 얼굴이 보이며 밝은 영역의 세부가 약하다. 사람이 클래스를 구별할 형태 단서가 남아 있는데 모델이 오분류한 사례로 분류. 원인은 미확인이고 특정 특징을 학습하지 못했다고 단정하지 않음.,ai_draft_pending_human_review
cifar10_train_27572,Validation,errors/cifar10_train_27572.png,deer,dog,0.9375697374343872,AI visual review,수치상 타당·원인 설명 아님,정면 얼굴의 긴 귀와 눈·주둥이가 보이나 얼굴 내부가 픽셀 단위로 뭉개져 있다.,오답 클래스 점수 0.937570 > 0.8로 태그 정의에 맞는다. 다만 이미지에서 확인한 오분류 원인은 아니다.,0b6856dc04b9b2bbd20ba7090415dfb1b9b14f576fee7060a0776f0827e07e5e,high_confidence_error,class_similarity,정면 얼굴의 긴 귀와 눈·주둥이가 보이나 얼굴 내부가 픽셀 단위로 뭉개져 있다. 귀·얼굴 또는 전신 자세에서 다른 클래스와 비슷하게 읽힐 여지가 있어 유사성 가설로 분류. 실제 모델 판단 근거는 미확인.,ai_draft_pending_human_review
cifar10_train_180,Validation,errors/cifar10_train_180.png,deer,cat,0.9173561930656433,AI visual review,수치상 타당·원인 설명 아님,녹색 배경과 몸통의 색이 비슷하고 머리·목의 대비가 낮다.,오답 클래스 점수 0.917356 > 0.8로 태그 정의에 맞는다. 다만 이미지에서 확인한 오분류 원인은 아니다.,4ce4eadeafe0f6b43164c6dfc558e08068c62a7fb72e00a20b49830d9dc65cf9,high_confidence_error,low_resolution,녹색 배경과 몸통의 색이 비슷하고 머리·목의 대비가 낮다. 32×32 이미지에서 얼굴·몸의 구별에 필요한 세부를 충분히 읽기 어려워 분류. 촬영 흔들림이나 조명 부족을 별도로 단정하지 않음.,ai_draft_pending_human_review
cifar10_train_26854,Validation,errors/cifar10_train_26854.png,deer,cat,0.6057665348052979,AI visual review,시각적 근거 부족·재검토,갈색 배경 속 작은 정면 피사체로 얼굴과 몸의 경계가 희미하다.,고양이와의 구체적인 유사성보다 작은 피사체와 배경 혼합이 명확하다.,b5917c0675cb8084d6e9e2adfa5de65f4aebb0dc0fd136b0a0bb3b417cdfa4e7,class_similarity,background_clutter,갈색 배경 속 작은 정면 피사체로 얼굴과 몸의 경계가 희미하다. 배경의 물건·색·무늬와 피사체 경계가 섞이는 점을 우선 기록. 모델이 배경을 사용했는지는 미확인.,ai_draft_pending_human_review
cifar10_train_22981,Validation,errors/cifar10_train_22981.png,deer,cat,0.9335453510284424,AI visual review,수치상 타당·원인 설명 아님,정면 머리와 양쪽으로 뻗은 귀·뿔 형태가 보이며 얼굴의 세부 대비가 낮다.,오답 클래스 점수 0.933545 > 0.8로 태그 정의에 맞는다. 다만 이미지에서 확인한 오분류 원인은 아니다.,6535831720d42a73fa2c7805ce346610091c2079f9b50e4c7b3cc27d7db93e0c,high_confidence_error,model_limitation,정면 머리와 양쪽으로 뻗은 귀·뿔 형태가 보이며 얼굴의 세부 대비가 낮다. 사람이 클래스를 구별할 형태 단서가 남아 있는데 모델이 오분류한 사례로 분류. 원인은 미확인이고 특정 특징을 학습하지 못했다고 단정하지 않음.,ai_draft_pending_human_review
cifar10_train_29632,Validation,errors/cifar10_train_29632.png,deer,dog,0.4525318741798401,AI visual review,시각적 근거 부족·재검토,넓고 밝은 배경 아래에 피사체가 매우 작게 위치한다.,개와 닮았다는 근거보다 피사체를 구성하는 픽셀 부족이 더 뚜렷하다.,758fec2cdcc719f02e48247ce8a9db611f5303f0d6d79329ac16e252cdb72f11,class_similarity,low_resolution,넓고 밝은 배경 아래에 피사체가 매우 작게 위치한다. 32×32 이미지에서 얼굴·몸의 구별에 필요한 세부를 충분히 읽기 어려워 분류. 촬영 흔들림이나 조명 부족을 별도로 단정하지 않음.,ai_draft_pending_human_review
cifar10_train_33245,Validation,errors/cifar10_train_33245.png,deer,cat,0.46307939291000366,AI visual review,시각적 근거 부족·재검토,풀 위 옆모습의 긴 다리와 몸통이 보이나 머리는 작다.,사슴의 전신 형태가 남아 있어 고양이와의 유사성만으로 설명하기 어렵다.,a0d9b3757f22b526019bc90a2ce547551f40abdbf0d8f6e55dbe62b9b11422d9,class_similarity,model_limitation,풀 위 옆모습의 긴 다리와 몸통이 보이나 머리는 작다. 사람이 클래스를 구별할 형태 단서가 남아 있는데 모델이 오분류한 사례로 분류. 원인은 미확인이고 특정 특징을 학습하지 못했다고 단정하지 않음.,ai_draft_pending_human_review
cifar10_train_41237,Validation,errors/cifar10_train_41237.png,deer,cat,0.5747440457344055,AI visual review,시각적 근거 부족·재검토,푸른 배경 아래 어두운 실루엣만 작게 보인다.,고양이와 닮은 특징보다 어둡고 작은 피사체라는 관찰이 더 확실하다.,ac605e29d4766b7a78bc9f120ac1cf9afe3fb3c51057c931d8e8612a52e2b1fe,class_similarity,low_resolution,푸른 배경 아래 어두운 실루엣만 작게 보인다. 32×32 이미지에서 얼굴·몸의 구별에 필요한 세부를 충분히 읽기 어려워 분류. 촬영 흔들림이나 조명 부족을 별도로 단정하지 않음.,ai_draft_pending_human_review
cifar10_train_21033,Validation,errors/cifar10_train_21033.png,deer,dog,0.9904111623764038,AI visual review,수치상 타당·원인 설명 아님,갈색 정면 얼굴이 화면 대부분을 차지하고 코 주변이 검게 보인다.,오답 클래스 점수 0.990411 > 0.8로 태그 정의에 맞는다. 다만 이미지에서 확인한 오분류 원인은 아니다.,244b6cbfa01fb6c4c693160f9e03e8973933dd93afcf76b82dceb7aae78e8ff1,high_confidence_error,class_similarity,갈색 정면 얼굴이 화면 대부분을 차지하고 코 주변이 검게 보인다. 귀·얼굴 또는 전신 자세에서 다른 클래스와 비슷하게 읽힐 여지가 있어 유사성 가설로 분류. 실제 모델 판단 근거는 미확인.,ai_draft_pending_human_review
cifar10_train_28470,Validation,errors/cifar10_train_28470.png,deer,cat,0.7223846316337585,AI visual review,시각적 근거 부족·재검토,배경은 짙지만 밝은 갈색 몸통과 다리 윤곽은 구분된다.,어두운 배경만으로 피사체가 저조도라고 판단하기 어렵다. 조명 태그의 근거가 부족하다.,dc33125645cc233af26a419c741487c50aa628569b9bb6b446a162a3b11c1cb3,dark_lighting,model_limitation,배경은 짙지만 밝은 갈색 몸통과 다리 윤곽은 구분된다. 몸통과 다리의 사슴 형태가 남아 있지만 cat으로 오분류. 검은 배경을 피사체 조명 부족으로 해석하지 않음.,ai_draft_pending_human_review
cifar10_train_15415,Validation,errors/cifar10_train_15415.png,deer,dog,0.46649545431137085,AI visual review,시각적 가설로 가능,옆얼굴과 길게 나온 주둥이가 보이고 귀·뿔 세부는 뭉개져 있다.,얼굴 위주 구도에서 주둥이 형태가 개와 비슷하게 읽힐 가능성이 있다.,23b1b40f9f676f8b3c65c319c4a5300f53690fb468fe0c27789b1514f1d1823c,class_similarity,class_similarity,옆얼굴과 길게 나온 주둥이가 보이고 귀·뿔 세부는 뭉개져 있다. 귀·얼굴 또는 전신 자세에서 다른 클래스와 비슷하게 읽힐 여지가 있어 유사성 가설로 분류. 실제 모델 판단 근거는 미확인.,ai_draft_pending_human_review
cifar10_train_33215,Validation,errors/cifar10_train_33215.png,deer,cat,0.7625992298126221,AI visual review,시각적 근거 부족·재검토,밝은 배경에 옆모습의 긴 목·다리·몸통이 보인다.,사슴 전신의 구별 단서가 있어 고양이와의 유사성 근거가 약하다.,1d7f5390ef33677a3e86bd632105823e593a76ec6d382d3e1f99d98d4f75276f,class_similarity,model_limitation,밝은 배경에 옆모습의 긴 목·다리·몸통이 보인다. 사람이 클래스를 구별할 형태 단서가 남아 있는데 모델이 오분류한 사례로 분류. 원인은 미확인이고 특정 특징을 학습하지 못했다고 단정하지 않음.,ai_draft_pending_human_review
cifar10_train_9775,Validation,errors/cifar10_train_9775.png,deer,cat,0.4198906123638153,AI visual review,시각적 근거 부족·재검토,긴 목과 가는 다리의 옆모습이 보이고 얼굴은 작다.,고양이와 닮은 부분보다 긴 목과 다리의 차이가 더 잘 보인다.,8e01459fb052cdf6617bd1ec53a529daf53856fbcb4c08f47d3b320a7f42a8c8,class_similarity,model_limitation,긴 목과 가는 다리의 옆모습이 보이고 얼굴은 작다. 사람이 클래스를 구별할 형태 단서가 남아 있는데 모델이 오분류한 사례로 분류. 원인은 미확인이고 특정 특징을 학습하지 못했다고 단정하지 않음.,ai_draft_pending_human_review
cifar10_train_24236,Validation,errors/cifar10_train_24236.png,deer,cat,0.7571470737457275,AI visual review,시각적 근거 부족·재검토,갈색 몸통이 화면을 크게 차지하고 머리·다리는 부분적으로만 식별된다.,구도와 세부 부족은 보이나 고양이와의 유사성을 특정하기 어렵다.,1993887d9c788ed9d50b4b831de9058409edc3b85e40b45b61a001bb8c88c89f,class_similarity,low_resolution,갈색 몸통이 화면을 크게 차지하고 머리·다리는 부분적으로만 식별된다. 32×32 이미지에서 얼굴·몸의 구별에 필요한 세부를 충분히 읽기 어려워 분류. 촬영 흔들림이나 조명 부족을 별도로 단정하지 않음.,ai_draft_pending_human_review
cifar10_train_162,Validation,errors/cifar10_train_162.png,deer,cat,0.8029907941818237,AI visual review,시각적 근거 부족·재검토,검은 배경 앞 밝은 몸통과 다리가 보이고 고개를 숙이고 있다.,배경은 어둡지만 피사체는 밝다. 배경의 검정색을 조명 부족과 동일시하기 어렵다.,70b015e77234a79df7149e26557978d08749b95479eb9534cdbae6410ef5d214,dark_lighting,model_limitation,검은 배경 앞 밝은 몸통과 다리가 보이고 고개를 숙이고 있다. 사용자 관찰대로 긴 목과 전신 형태에서 사슴 단서가 보이지만 cat으로 오분류. 목 특징을 학습하지 못했는지는 이 결과만으로 확인 불가.,ai_draft_pending_human_review
cifar10_train_33703,Validation,errors/cifar10_train_33703.png,deer,cat,0.534925103187561,AI visual review,시각적 근거 부족·재검토,몸통과 다리가 보이지만 머리 부분은 어둡고 배경 구조물과 섞인다.,부분적인 세부 소실과 배경 혼합이 보이며 고양이와 닮은 형태는 불명확하다.,ed4a59e71a620745ac0435257992a7ad97b33125cc35901acf4da07c46251721,class_similarity,low_resolution,몸통과 다리가 보이지만 머리 부분은 어둡고 배경 구조물과 섞인다. 32×32 이미지에서 얼굴·몸의 구별에 필요한 세부를 충분히 읽기 어려워 분류. 촬영 흔들림이나 조명 부족을 별도로 단정하지 않음.,ai_draft_pending_human_review
cifar10_train_14186,Validation,errors/cifar10_train_14186.png,deer,cat,0.9643377065658569,AI visual review,수치상 타당·원인 설명 아님,회색 배경에 어두운 전신이 보이고 긴 목·귀 윤곽에 비해 얼굴 세부가 없다.,오답 클래스 점수 0.964338 > 0.8로 태그 정의에 맞는다. 다만 이미지에서 확인한 오분류 원인은 아니다.,e524979d4578a362624a37f297a9ff6e3992c6e71c99fee367a27b3cea668a52,high_confidence_error,model_limitation,회색 배경에 어두운 전신이 보이고 긴 목·귀 윤곽에 비해 얼굴 세부가 없다. 사람이 클래스를 구별할 형태 단서가 남아 있는데 모델이 오분류한 사례로 분류. 원인은 미확인이고 특정 특징을 학습하지 못했다고 단정하지 않음.,ai_draft_pending_human_review
cifar10_train_42313,Validation,errors/cifar10_train_42313.png,deer,cat,0.6222382187843323,AI visual review,시각적 가설로 가능,접힌 다리의 몸통과 작은 머리가 옆으로 보인다.,웅크린 자세가 고양이의 몸 형태처럼 읽힐 여지는 있으나 목·귀 단서도 남아 있다.,6d7a14c1dece00f675aabd504e8687ecf5cb3c6e2cf0f6563b7fadf37e3abc0c,class_similarity,class_similarity,접힌 다리의 몸통과 작은 머리가 옆으로 보인다. 귀·얼굴 또는 전신 자세에서 다른 클래스와 비슷하게 읽힐 여지가 있어 유사성 가설로 분류. 실제 모델 판단 근거는 미확인.,ai_draft_pending_human_review
cifar10_train_34425,Validation,errors/cifar10_train_34425.png,deer,cat,0.5076364874839783,AI visual review,시각적 근거 부족·재검토,푸른 배경 속 작은 옆모습으로 머리와 다리가 몇 픽셀로 표현된다.,고양이와의 유사성을 확인할 세부가 부족하다.,368e142bc8a1eb099bd5d61cef0d98b0f678a9a2d36244ddbec8035dad7bd0da,class_similarity,low_resolution,푸른 배경 속 작은 옆모습으로 머리와 다리가 몇 픽셀로 표현된다. 32×32 이미지에서 얼굴·몸의 구별에 필요한 세부를 충분히 읽기 어려워 분류. 촬영 흔들림이나 조명 부족을 별도로 단정하지 않음.,ai_draft_pending_human_review
cifar10_train_33037,Validation,errors/cifar10_train_33037.png,deer,dog,0.9042118787765503,AI visual review,수치상 타당·원인 설명 아님,갈색 몸 또는 얼굴이 화면을 채우며 경계와 눈·귀 세부가 불명확하다.,오답 클래스 점수 0.904212 > 0.8로 태그 정의에 맞는다. 다만 이미지에서 확인한 오분류 원인은 아니다.,8a9c686ed55dc9f186a17e72deae0166689de03b95867a3243a3a4b4641cf3c3,high_confidence_error,low_resolution,갈색 몸 또는 얼굴이 화면을 채우며 경계와 눈·귀 세부가 불명확하다. 32×32 이미지에서 얼굴·몸의 구별에 필요한 세부를 충분히 읽기 어려워 분류. 촬영 흔들림이나 조명 부족을 별도로 단정하지 않음.,ai_draft_pending_human_review
cifar10_train_12253,Validation,errors/cifar10_train_12253.png,deer,dog,0.5534122586250305,AI visual review,시각적 근거 부족·재검토,검은 배경 앞 밝은 목·몸통과 녹색 바닥이 분리되어 보인다.,피사체가 밝으므로 전체 평균 밝기를 조명 부족의 증거로 쓰기 어렵다.,6b8716158add91ff69506baa87ce86c0bf5f2455a642e63bdc64a5e3697b981b,dark_lighting,model_limitation,검은 배경 앞 밝은 목·몸통과 녹색 바닥이 분리되어 보인다. 사용자 관찰대로 목과 몸통에 사슴 형태 단서가 보이지만 dog으로 오분류. 배경이 검다는 이유로 저조도로 분류하지 않음.,ai_draft_pending_human_review
cifar10_train_10478,Validation,errors/cifar10_train_10478.png,deer,cat,0.951744556427002,AI visual review,수치상 타당·원인 설명 아님,가로로 뻗은 귀와 얼굴이 보이나 비슷한 색의 배경 무늬와 섞인다.,오답 클래스 점수 0.951745 > 0.8로 태그 정의에 맞는다. 다만 이미지에서 확인한 오분류 원인은 아니다.,9d06120e6df0caf434cfb7389149ebda587bcb9b32701e4f4b965a2b10798873,high_confidence_error,background_clutter,가로로 뻗은 귀와 얼굴이 보이나 비슷한 색의 배경 무늬와 섞인다. 배경의 물건·색·무늬와 피사체 경계가 섞이는 점을 우선 기록. 모델이 배경을 사용했는지는 미확인.,ai_draft_pending_human_review
cifar10_train_47408,Validation,errors/cifar10_train_47408.png,deer,cat,0.8645051121711731,AI visual review,수치상 타당·원인 설명 아님,큰 귀와 가는 얼굴이 정면으로 보이고 배경의 세로 구조물과 겹친다.,오답 클래스 점수 0.864505 > 0.8로 태그 정의에 맞는다. 다만 이미지에서 확인한 오분류 원인은 아니다.,853d06b01e33a47305d8bceff1f8a4bef7e35630021f6a846953938eb8a1c66d,high_confidence_error,model_limitation,큰 귀와 가는 얼굴이 정면으로 보이고 배경의 세로 구조물과 겹친다. 사람이 클래스를 구별할 형태 단서가 남아 있는데 모델이 오분류한 사례로 분류. 원인은 미확인이고 특정 특징을 학습하지 못했다고 단정하지 않음.,ai_draft_pending_human_review
cifar10_train_14555,Validation,errors/cifar10_train_14555.png,deer,dog,0.9832247495651245,AI visual review,수치상 타당·원인 설명 아님,풀밭 위 고개를 숙인 전신이며 얼굴은 몸의 그늘 속에 있다.,오답 클래스 점수 0.983225 > 0.8로 태그 정의에 맞는다. 다만 이미지에서 확인한 오분류 원인은 아니다.,23292ce26332e9d56bcd1adcda1b84cd11e5e595ad426d329f7384a8eeed1120,high_confidence_error,low_resolution,풀밭 위 고개를 숙인 전신이며 얼굴은 몸의 그늘 속에 있다. 32×32 이미지에서 얼굴·몸의 구별에 필요한 세부를 충분히 읽기 어려워 분류. 촬영 흔들림이나 조명 부족을 별도로 단정하지 않음.,ai_draft_pending_human_review
cifar10_train_30719,Validation,errors/cifar10_train_30719.png,deer,cat,0.8215211033821106,AI visual review,수치상 타당·원인 설명 아님,갈색 정면 얼굴과 밝은 목 부분이 크게 보이고 귀 일부는 화면 가장자리에 걸린다.,오답 클래스 점수 0.821521 > 0.8로 태그 정의에 맞는다. 다만 이미지에서 확인한 오분류 원인은 아니다.,5a57e4fdb6d27f04f64ba8d52896e8b988b41763e54a2295f1d4a5967b6af86d,high_confidence_error,model_limitation,갈색 정면 얼굴과 밝은 목 부분이 크게 보이고 귀 일부는 화면 가장자리에 걸린다. 사람이 클래스를 구별할 형태 단서가 남아 있는데 모델이 오분류한 사례로 분류. 원인은 미확인이고 특정 특징을 학습하지 못했다고 단정하지 않음.,ai_draft_pending_human_review
cifar10_train_45408,Validation,errors/cifar10_train_45408.png,deer,dog,0.5781894326210022,AI visual review,시각적 가설로 가능,얼굴과 목의 가까운 구도이며 긴 귀와 주둥이가 보인다.,전신 단서가 없는 얼굴 구도에서 개와 비슷하게 읽힐 가능성이 있다.,e4bf52ee77f1a0a38ff69b0e91247d54ca779aa9e0b0fd3ed0551bb30fd4e18e,class_similarity,class_similarity,얼굴과 목의 가까운 구도이며 긴 귀와 주둥이가 보인다. 귀·얼굴 또는 전신 자세에서 다른 클래스와 비슷하게 읽힐 여지가 있어 유사성 가설로 분류. 실제 모델 판단 근거는 미확인.,ai_draft_pending_human_review
cifar10_train_19007,Validation,errors/cifar10_train_19007.png,dog,cat,0.9574976563453674,AI visual review,수치상 타당·원인 설명 아님,밝고 둥근 털 덩어리와 어두운 아래 윤곽이 보이며 얼굴 세부가 약하다.,오답 클래스 점수 0.957498 > 0.8로 태그 정의에 맞는다. 다만 이미지에서 확인한 오분류 원인은 아니다.,aa5e8dfab66430fcd4e36603cc4693b41f93de59b9c0689b4c437d337d81e639,high_confidence_error,low_resolution,밝고 둥근 털 덩어리와 어두운 아래 윤곽이 보이며 얼굴 세부가 약하다. 32×32 이미지에서 얼굴·몸의 구별에 필요한 세부를 충분히 읽기 어려워 분류. 촬영 흔들림이나 조명 부족을 별도로 단정하지 않음.,ai_draft_pending_human_review
cifar10_train_14034,Validation,errors/cifar10_train_14034.png,dog,cat,0.5121747851371765,AI visual review,시각적 근거 부족·재검토,검은색·흰색 이미지에서 아래쪽 작은 동물과 주변 직선 구조물이 보인다.,고양이와의 유사성보다 작은 얼굴과 복잡한 주변 구조가 먼저 관찰된다.,4db2e7e68bed1d5efb5e852c61e71892bf308c0e8122565429b08dff75b36ddc,class_similarity,low_resolution,검은색·흰색 이미지에서 아래쪽 작은 동물과 주변 직선 구조물이 보인다. 32×32 이미지에서 얼굴·몸의 구별에 필요한 세부를 충분히 읽기 어려워 분류. 촬영 흔들림이나 조명 부족을 별도로 단정하지 않음.,ai_draft_pending_human_review
cifar10_train_19434,Validation,errors/cifar10_train_19434.png,dog,cat,0.9152540564537048,AI visual review,시각적 근거 부족·재검토,짙은 녹색 배경 앞 밝은 흰색 얼굴과 검은 코가 보인다.,피사체 얼굴은 밝아 저조도 근거가 약하다. 배경의 어두움과 구분해야 한다.,5b680e5e58e92e6423ae231d2fe69e67b6ba67fa807662d40536d8359ee394c8,dark_lighting,low_resolution,짙은 녹색 배경 앞 밝은 흰색 얼굴과 검은 코가 보인다. 사용자도 피사체 식별이 어렵다고 확인. 식별에 필요한 세부 부족을 기록하며 어두운 배경만으로 저조도라고 판단하지 않음.,ai_draft_pending_human_review
cifar10_train_26753,Validation,errors/cifar10_train_26753.png,dog,cat,0.8937630653381348,AI visual review,수치상 타당·원인 설명 아님,청록색 주변 물체 사이에 밝은 얼굴이 있고 귀·몸의 경계가 불분명하다.,오답 클래스 점수 0.893763 > 0.8로 태그 정의에 맞는다. 다만 이미지에서 확인한 오분류 원인은 아니다.,334db5f520f9879183dc1cb970a6f5755f38e7755429d92d7d4382d5f8c95f90,high_confidence_error,background_clutter,청록색 주변 물체 사이에 밝은 얼굴이 있고 귀·몸의 경계가 불분명하다. 배경의 물건·색·무늬와 피사체 경계가 섞이는 점을 우선 기록. 모델이 배경을 사용했는지는 미확인.,ai_draft_pending_human_review
cifar10_train_6154,Validation,errors/cifar10_train_6154.png,dog,cat,0.6875115633010864,AI visual review,시각적 가설로 가능,흰색·검은색 무늬의 가는 전신과 올라온 머리가 보인다.,작은 머리와 가는 몸에서 고양이·개의 구별 단서가 약해 유사성은 가능하다.,eef53d02cb659b11016fded26d57ab95f1314ddb192114be5d846b6ca6446535,class_similarity,class_similarity,흰색·검은색 무늬의 가는 전신과 올라온 머리가 보인다. 귀·얼굴 또는 전신 자세에서 다른 클래스와 비슷하게 읽힐 여지가 있어 유사성 가설로 분류. 실제 모델 판단 근거는 미확인.,ai_draft_pending_human_review
cifar10_train_21920,Validation,errors/cifar10_train_21920.png,dog,cat,0.9211611151695251,AI visual review,수치상 타당·원인 설명 아님,밝은 배경에서 옆으로 누운 갈색·흰색 몸과 머리가 보인다.,오답 클래스 점수 0.921161 > 0.8로 태그 정의에 맞는다. 다만 이미지에서 확인한 오분류 원인은 아니다.,4e7f01a302782cde5cee207fdfbfcf7773ced2e7e9b7086d788ed45dbbb339e0,high_confidence_error,low_resolution,밝은 배경에서 옆으로 누운 갈색·흰색 몸과 머리가 보인다. 32×32 이미지에서 얼굴·몸의 구별에 필요한 세부를 충분히 읽기 어려워 분류. 촬영 흔들림이나 조명 부족을 별도로 단정하지 않음.,ai_draft_pending_human_review
cifar10_train_40772,Validation,errors/cifar10_train_40772.png,dog,deer,0.5324679613113403,AI visual review,시각적 가설로 가능,갈색 피사체가 옆으로 서 있고 다리는 가늘며 얼굴은 작다.,전신 실루엣과 갈색 몸이 사슴과 비슷하게 읽힐 수 있다.,8bd564b417fb78010172f1f7744ee8fe9247274d9c02cee25954d9c091d13dce,class_similarity,class_similarity,갈색 피사체가 옆으로 서 있고 다리는 가늘며 얼굴은 작다. 귀·얼굴 또는 전신 자세에서 다른 클래스와 비슷하게 읽힐 여지가 있어 유사성 가설로 분류. 실제 모델 판단 근거는 미확인.,ai_draft_pending_human_review
cifar10_train_762,Validation,errors/cifar10_train_762.png,dog,cat,0.6148511171340942,AI visual review,시각적 가설로 가능,작은 얼굴에 매우 큰 직립 귀가 두드러진다.,큰 귀와 짧은 얼굴의 조합이 고양이와 닮게 보일 수 있다.,54111df0f126f38829e6f224889840fa1decf2fd8a7e011f7cc372879646c201,class_similarity,class_similarity,작은 얼굴에 매우 큰 직립 귀가 두드러진다. 귀·얼굴 또는 전신 자세에서 다른 클래스와 비슷하게 읽힐 여지가 있어 유사성 가설로 분류. 실제 모델 판단 근거는 미확인.,ai_draft_pending_human_review
cifar10_train_12884,Validation,errors/cifar10_train_12884.png,dog,cat,0.5667652487754822,AI visual review,시각적 가설로 가능,흰 배경에 밝은 작은 얼굴과 옆으로 뻗은 귀가 보인다.,귀·얼굴 구도에서 고양이와의 형태 유사성이 가능하다.,41e19306a56135643ad0d6ae0fda67e0d600f34e8e351280f506fc24d670aeab,class_similarity,class_similarity,흰 배경에 밝은 작은 얼굴과 옆으로 뻗은 귀가 보인다. 귀·얼굴 또는 전신 자세에서 다른 클래스와 비슷하게 읽힐 여지가 있어 유사성 가설로 분류. 실제 모델 판단 근거는 미확인.,ai_draft_pending_human_review
cifar10_train_49467,Validation,errors/cifar10_train_49467.png,dog,cat,0.9987711310386658,AI visual review,수치상 타당·원인 설명 아님,검은 얼굴과 큰 직립 귀가 정면으로 보이고 얼굴 내부 대비는 낮다.,오답 클래스 점수 0.998771 > 0.8로 태그 정의에 맞는다. 다만 이미지에서 확인한 오분류 원인은 아니다.,9e61d8583084f6fc97fce309954bede7471aa7987a272597e924b2c9a8e4f4ed,high_confidence_error,class_similarity,검은 얼굴과 큰 직립 귀가 정면으로 보이고 얼굴 내부 대비는 낮다. 귀·얼굴 또는 전신 자세에서 다른 클래스와 비슷하게 읽힐 여지가 있어 유사성 가설로 분류. 실제 모델 판단 근거는 미확인.,ai_draft_pending_human_review
cifar10_train_21261,Validation,errors/cifar10_train_21261.png,dog,cat,0.9756500720977783,AI visual review,수치상 타당·원인 설명 아님,풀밭의 어두운 몸과 얼굴이 하나의 덩어리처럼 보이며 코·귀 세부가 약하다.,오답 클래스 점수 0.975650 > 0.8로 태그 정의에 맞는다. 다만 이미지에서 확인한 오분류 원인은 아니다.,9c48dc18084c9abfffeaa922eed5b22e0cf4c55f9634575bd5a1d4741cca161e,high_confidence_error,low_resolution,풀밭의 어두운 몸과 얼굴이 하나의 덩어리처럼 보이며 코·귀 세부가 약하다. 32×32 이미지에서 얼굴·몸의 구별에 필요한 세부를 충분히 읽기 어려워 분류. 촬영 흔들림이나 조명 부족을 별도로 단정하지 않음.,ai_draft_pending_human_review
cifar10_train_33424,Validation,errors/cifar10_train_33424.png,dog,cat,0.6739479303359985,AI visual review,시각적 가설로 가능,갈색 얼굴과 몸이 비슷한 색의 배경에 붙어 있고 짧은 주둥이가 보인다.,작고 짧은 얼굴의 형태가 고양이와 비슷하게 읽힐 가능성은 있다.,adb10677ad465f382e181e0c3d0c8340132aee4e46818e7725a101d3b8fe296d,class_similarity,class_similarity,갈색 얼굴과 몸이 비슷한 색의 배경에 붙어 있고 짧은 주둥이가 보인다. 귀·얼굴 또는 전신 자세에서 다른 클래스와 비슷하게 읽힐 여지가 있어 유사성 가설로 분류. 실제 모델 판단 근거는 미확인.,ai_draft_pending_human_review
cifar10_train_10897,Validation,errors/cifar10_train_10897.png,dog,cat,0.9596512317657471,AI visual review,수치상 타당·원인 설명 아님,푸른 무늬 배경에 밝은 얼굴이 있고 눈·코와 주변 무늬가 섞인다.,오답 클래스 점수 0.959651 > 0.8로 태그 정의에 맞는다. 다만 이미지에서 확인한 오분류 원인은 아니다.,f80d053853b61df94767d81f09719c0c35dded1b68b1d143949b55eb005a0fce,high_confidence_error,background_clutter,푸른 무늬 배경에 밝은 얼굴이 있고 눈·코와 주변 무늬가 섞인다. 배경의 물건·색·무늬와 피사체 경계가 섞이는 점을 우선 기록. 모델이 배경을 사용했는지는 미확인.,ai_draft_pending_human_review
cifar10_train_26998,Validation,errors/cifar10_train_26998.png,dog,deer,0.9986503720283508,AI visual review,수치상 타당·원인 설명 아님,풀 위 어두운 전신의 가는 다리와 옆으로 향한 머리가 보인다.,오답 클래스 점수 0.998650 > 0.8로 태그 정의에 맞는다. 다만 이미지에서 확인한 오분류 원인은 아니다.,ddb5da5d19cd26adc2d5e03dc595ff7a753f5268704f291c42b34c49a419cb95,high_confidence_error,model_limitation,풀 위 어두운 전신의 가는 다리와 옆으로 향한 머리가 보인다. 사람이 클래스를 구별할 형태 단서가 남아 있는데 모델이 오분류한 사례로 분류. 원인은 미확인이고 특정 특징을 학습하지 못했다고 단정하지 않음.,ai_draft_pending_human_review
cifar10_train_17152,Validation,errors/cifar10_train_17152.png,dog,cat,0.8375486135482788,AI visual review,수치상 타당·원인 설명 아님,풀밭의 흰 전신을 위에서 내려다보는 구도로 얼굴은 작고 아래쪽에 있다.,오답 클래스 점수 0.837549 > 0.8로 태그 정의에 맞는다. 다만 이미지에서 확인한 오분류 원인은 아니다.,4318a13ec4b3c8e330dfb9d3bfac094a8bd7a3c577a259db13ae689af85dbb5b,high_confidence_error,low_resolution,풀밭의 흰 전신을 위에서 내려다보는 구도로 얼굴은 작고 아래쪽에 있다. 32×32 이미지에서 얼굴·몸의 구별에 필요한 세부를 충분히 읽기 어려워 분류. 촬영 흔들림이나 조명 부족을 별도로 단정하지 않음.,ai_draft_pending_human_review
cifar10_train_37341,Validation,errors/cifar10_train_37341.png,dog,cat,0.994216799736023,AI visual review,수치상 타당·원인 설명 아님,세로로 긴 구도에 어두운 상체와 밝은 가슴이 보이고 얼굴은 작다.,오답 클래스 점수 0.994217 > 0.8로 태그 정의에 맞는다. 다만 이미지에서 확인한 오분류 원인은 아니다.,def76aff503a7c8a5f3826b1b6ada35dd7f0ba3065501abf493c11e2d7b0409e,high_confidence_error,model_limitation,세로로 긴 구도에 어두운 상체와 밝은 가슴이 보이고 얼굴은 작다. 사람이 클래스를 구별할 형태 단서가 남아 있는데 모델이 오분류한 사례로 분류. 원인은 미확인이고 특정 특징을 학습하지 못했다고 단정하지 않음.,ai_draft_pending_human_review
cifar10_train_5043,Validation,errors/cifar10_train_5043.png,dog,cat,0.818257749080658,AI visual review,수치상 타당·원인 설명 아님,밝은 얼굴과 주변 밝은 무늬가 섞여 눈·코 윤곽을 읽기 어렵다.,오답 클래스 점수 0.818258 > 0.8로 태그 정의에 맞는다. 다만 이미지에서 확인한 오분류 원인은 아니다.,e0416bc804c583a61b5fa0b69cea75cdcb8854055ebb0773cc7aae3c8c820afd,high_confidence_error,low_resolution,밝은 얼굴과 주변 밝은 무늬가 섞여 눈·코 윤곽을 읽기 어렵다. 32×32 이미지에서 얼굴·몸의 구별에 필요한 세부를 충분히 읽기 어려워 분류. 촬영 흔들림이나 조명 부족을 별도로 단정하지 않음.,ai_draft_pending_human_review
cifar10_train_24585,Validation,errors/cifar10_train_24585.png,dog,cat,0.9524133205413818,AI visual review,수치상 타당·원인 설명 아님,청록색 배경 앞 갈색 얼굴과 큰 귀가 선명한 외곽을 만든다.,오답 클래스 점수 0.952413 > 0.8로 태그 정의에 맞는다. 다만 이미지에서 확인한 오분류 원인은 아니다.,79863ea02c0350e5bc05da8c2f352c4f8921d0f7b40fa2e8a79d888fd1602c34,high_confidence_error,class_similarity,청록색 배경 앞 갈색 얼굴과 큰 귀가 선명한 외곽을 만든다. 귀·얼굴 또는 전신 자세에서 다른 클래스와 비슷하게 읽힐 여지가 있어 유사성 가설로 분류. 실제 모델 판단 근거는 미확인.,ai_draft_pending_human_review
cifar10_train_19293,Validation,errors/cifar10_train_19293.png,dog,cat,0.8173201680183411,AI visual review,수치상 타당·원인 설명 아님,어두운 얼굴과 큰 귀가 보이며 아래 몸통은 주변 물건과 겹친다.,오답 클래스 점수 0.817320 > 0.8로 태그 정의에 맞는다. 다만 이미지에서 확인한 오분류 원인은 아니다.,1fee490a37efb20f8fc32833ed85b561c4b02f6e33284d4963007618d23d50c4,high_confidence_error,low_resolution,어두운 얼굴과 큰 귀가 보이며 아래 몸통은 주변 물건과 겹친다. 32×32 이미지에서 얼굴·몸의 구별에 필요한 세부를 충분히 읽기 어려워 분류. 촬영 흔들림이나 조명 부족을 별도로 단정하지 않음.,ai_draft_pending_human_review
cifar10_train_7454,Validation,errors/cifar10_train_7454.png,dog,cat,0.4681181013584137,AI visual review,시각적 가설로 가능,갈색 털이 얼굴 주변을 채우고 짧고 검은 주둥이가 크게 보인다.,납작하고 둥근 얼굴 때문에 고양이와 비슷하게 읽힐 가능성이 있다.,29b3282a3c0238405e52bfabd795e0ba7431b3409d29fe05fb1b806b98434014,class_similarity,class_similarity,갈색 털이 얼굴 주변을 채우고 짧고 검은 주둥이가 크게 보인다. 귀·얼굴 또는 전신 자세에서 다른 클래스와 비슷하게 읽힐 여지가 있어 유사성 가설로 분류. 실제 모델 판단 근거는 미확인.,ai_draft_pending_human_review
cifar10_train_8452,Validation,errors/cifar10_train_8452.png,dog,cat,0.48496711254119873,AI visual review,시각적 근거 부족·재검토,"검은 정면 얼굴과 옆으로 내려간 귀, 흰 가슴이 보인다.",개를 구별할 단서가 남아 있어 고양이와의 유사성만을 근거로 삼기 어렵다.,e410b99fab71bfcff1411214d199eb665261c8146ef1d6007f04e775a6bc91dd,class_similarity,model_limitation,"검은 정면 얼굴과 옆으로 내려간 귀, 흰 가슴이 보인다. 사람이 클래스를 구별할 형태 단서가 남아 있는데 모델이 오분류한 사례로 분류. 원인은 미확인이고 특정 특징을 학습하지 못했다고 단정하지 않음.",ai_draft_pending_human_review
cifar10_train_8836,Validation,errors/cifar10_train_8836.png,dog,cat,0.7678046822547913,AI visual review,시각적 근거 부족·재검토,길고 밝은 털이 얼굴과 몸통 경계를 덮고 눈·코가 작게 보인다.,털 때문에 세부가 부족하다는 관찰은 가능하지만 클래스 유사성은 불확실하다.,3332e5b45a28cc4247b28ddb77911ce83175b536083488f0e2c164a611fc60a2,class_similarity,low_resolution,길고 밝은 털이 얼굴과 몸통 경계를 덮고 눈·코가 작게 보인다. 32×32 이미지에서 얼굴·몸의 구별에 필요한 세부를 충분히 읽기 어려워 분류. 촬영 흔들림이나 조명 부족을 별도로 단정하지 않음.,ai_draft_pending_human_review
cifar10_train_23523,Validation,errors/cifar10_train_23523.png,dog,cat,0.875985324382782,AI visual review,수치상 타당·원인 설명 아님,갈색 옆모습의 몸통이 크게 보이고 머리는 아래쪽으로 향해 얼굴이 작다.,오답 클래스 점수 0.875985 > 0.8로 태그 정의에 맞는다. 다만 이미지에서 확인한 오분류 원인은 아니다.,db11e642259e9033795161a96076309713037cdb08f1726bf66a409619b82742,high_confidence_error,low_resolution,갈색 옆모습의 몸통이 크게 보이고 머리는 아래쪽으로 향해 얼굴이 작다. 32×32 이미지에서 얼굴·몸의 구별에 필요한 세부를 충분히 읽기 어려워 분류. 촬영 흔들림이나 조명 부족을 별도로 단정하지 않음.,ai_draft_pending_human_review
cifar10_train_40154,Validation,errors/cifar10_train_40154.png,dog,cat,0.9028230905532837,AI visual review,수치상 타당·원인 설명 아님,강한 녹색 배경 앞 검은색·갈색 피사체의 정면 몸과 얼굴이 보인다.,오답 클래스 점수 0.902823 > 0.8로 태그 정의에 맞는다. 다만 이미지에서 확인한 오분류 원인은 아니다.,a4a692a142a82fd643d5acdaf1666fc106498ad76ea9888d9b0e8e5c80245dd6,high_confidence_error,model_limitation,강한 녹색 배경 앞 검은색·갈색 피사체의 정면 몸과 얼굴이 보인다. 사람이 클래스를 구별할 형태 단서가 남아 있는데 모델이 오분류한 사례로 분류. 원인은 미확인이고 특정 특징을 학습하지 못했다고 단정하지 않음.,ai_draft_pending_human_review
cifar10_train_38074,Validation,errors/cifar10_train_38074.png,dog,cat,0.5584701895713806,AI visual review,시각적 가설로 가능,밝은 얼굴과 뾰족한 귀가 정면으로 보이며 아래에 파란 물건이 있다.,귀와 얼굴 윤곽이 고양이와 비슷하게 읽힐 가능성이 있다.,d1ed462e9cc5de096b8a8e023c1cf31aca65c0dffac7e99e9ae6a503dfe318f9,class_similarity,class_similarity,밝은 얼굴과 뾰족한 귀가 정면으로 보이며 아래에 파란 물건이 있다. 귀·얼굴 또는 전신 자세에서 다른 클래스와 비슷하게 읽힐 여지가 있어 유사성 가설로 분류. 실제 모델 판단 근거는 미확인.,ai_draft_pending_human_review
cifar10_train_7677,Validation,errors/cifar10_train_7677.png,dog,cat,0.9182129502296448,AI visual review,수치상 타당·원인 설명 아님,흰 전신과 털로 둘러싸인 얼굴이 보이고 얼굴 내부 세부가 작다.,오답 클래스 점수 0.918213 > 0.8로 태그 정의에 맞는다. 다만 이미지에서 확인한 오분류 원인은 아니다.,7e39dcab81fb3610bd7a5a14701be8aa892546df20dedd1d2ba79abc6ed52a59,high_confidence_error,model_limitation,흰 전신과 털로 둘러싸인 얼굴이 보이고 얼굴 내부 세부가 작다. 사람이 클래스를 구별할 형태 단서가 남아 있는데 모델이 오분류한 사례로 분류. 원인은 미확인이고 특정 특징을 학습하지 못했다고 단정하지 않음.,ai_draft_pending_human_review
cifar10_train_21534,Validation,errors/cifar10_train_21534.png,dog,cat,0.9965542554855347,AI visual review,수치상 타당·원인 설명 아님,흰 배경 앞 긴 흰 털의 앉은 몸이 보이며 얼굴을 구별하는 점들이 적다.,오답 클래스 점수 0.996554 > 0.8로 태그 정의에 맞는다. 다만 이미지에서 확인한 오분류 원인은 아니다.,7ead6b15ab129c9b9e720acf4eae4bf58d52e45691979056f443580682bc989c,high_confidence_error,low_resolution,흰 배경 앞 긴 흰 털의 앉은 몸이 보이며 얼굴을 구별하는 점들이 적다. 32×32 이미지에서 얼굴·몸의 구별에 필요한 세부를 충분히 읽기 어려워 분류. 촬영 흔들림이나 조명 부족을 별도로 단정하지 않음.,ai_draft_pending_human_review
cifar10_train_29127,Validation,errors/cifar10_train_29127.png,dog,deer,0.6383427977561951,AI visual review,시각적 가설로 가능,갈색 전신의 옆모습과 가는 다리가 보이고 머리는 프레임 오른쪽에 있다.,갈색 몸·다리의 실루엣에서 사슴과의 유사성 가설은 가능하다.,b295b1972c36708ae52571af348c86b2158a478a234aba0cba5a370931664af0,class_similarity,class_similarity,갈색 전신의 옆모습과 가는 다리가 보이고 머리는 프레임 오른쪽에 있다. 귀·얼굴 또는 전신 자세에서 다른 클래스와 비슷하게 읽힐 여지가 있어 유사성 가설로 분류. 실제 모델 판단 근거는 미확인.,ai_draft_pending_human_review
cifar10_train_33800,Validation,errors/cifar10_train_33800.png,dog,cat,0.812761664390564,AI visual review,수치상 타당·원인 설명 아님,풀밭에서 달리는 듯한 흰색·갈색 전신이며 옆얼굴이 매우 작다.,오답 클래스 점수 0.812762 > 0.8로 태그 정의에 맞는다. 다만 이미지에서 확인한 오분류 원인은 아니다.,fb7fe81936c5c19f02f19bab585e05f6f0563e5067e17e806e397bd15711622f,high_confidence_error,low_resolution,풀밭에서 달리는 듯한 흰색·갈색 전신이며 옆얼굴이 매우 작다. 32×32 이미지에서 얼굴·몸의 구별에 필요한 세부를 충분히 읽기 어려워 분류. 촬영 흔들림이나 조명 부족을 별도로 단정하지 않음.,ai_draft_pending_human_review
cifar10_train_33768,Validation,errors/cifar10_train_33768.png,dog,cat,0.957256019115448,AI visual review,수치상 타당·원인 설명 아님,검은 얼굴이 화면을 채우고 눈·코의 대비가 낮지만 넓은 주둥이 윤곽이 남아 있다.,오답 클래스 점수 0.957256 > 0.8로 태그 정의에 맞는다. 다만 이미지에서 확인한 오분류 원인은 아니다.,6d5cd10a5886afbb346e469f757806074e6ee935c05685c7233877749b1df164,high_confidence_error,model_limitation,검은 얼굴이 화면을 채우고 눈·코의 대비가 낮지만 넓은 주둥이 윤곽이 남아 있다. 사람이 클래스를 구별할 형태 단서가 남아 있는데 모델이 오분류한 사례로 분류. 원인은 미확인이고 특정 특징을 학습하지 못했다고 단정하지 않음.,ai_draft_pending_human_review
