date,actual,Naive,SMA5,SMA10,SMA20,EMA0.1,EMA0.3,EMA0.5,RNN,LSTM,LSTM_residual
2024-01-03,1305.1,1300.52,1293.5140000000001,1297.973,1304.148,1301.0206269158962,1296.0020309318702,1296.0540078115632,1294.8843,1293.33,1300.5427
2024-01-04,1310.39,1305.1,1295.684,1298.7199999999998,1304.1815000000001,1301.4285642243067,1298.731421652309,1300.5770039057816,1304.5924,1297.0199,1305.1141
2024-01-05,1315.62,1310.39,1299.086,1298.964,1304.1275,1302.324707801876,1302.2289951566163,1305.483501952891,1312.3025,1302.2972,1310.3949
2024-01-08,1315.58,1315.62,1304.52,1300.6039999999998,1304.257,1303.6542370216882,1306.2462966096314,1310.5517509764454,1317.3533,1308.4784,1315.6154
2024-01-09,1315.92,1315.58,1309.442,1301.6799999999998,1303.7724999999998,1304.8468133195195,1309.0464076267417,1313.0658754882227,1318.6831,1313.476,1315.5707
2024-01-10,1320.42,1315.92,1312.522,1303.018,1304.213,1305.9541319875677,1311.1084853387192,1314.4929377441113,1317.8049,1317.0073,1315.908
2024-01-11,1313.04,1320.42,1315.586,1305.635,1304.4150000000002,1307.400718788811,1313.9019397371035,1317.4564688720557,1318.8188,1320.2942,1320.4023
2024-01-12,1313.41,1313.04,1316.116,1307.6009999999999,1304.3795,1307.96464690993,1313.6433578159724,1315.2482344360278,1317.0795,1320.1985,1313.0265
2024-01-16,1331.5,1313.41,1315.674,1310.0970000000002,1304.062,1308.509182218937,1313.5733504711807,1314.3291172180138,1314.2261,1319.0759,1313.3982
2024-01-17,1344.23,1331.5,1318.858,1314.15,1305.8314999999998,1310.8082639970435,1318.9513453298264,1322.914558609007,1321.7046,1322.6915,1331.4719
2024-01-18,1338.73,1344.23,1324.52,1318.5210000000002,1308.2469999999998,1314.150437597339,1326.5349417308785,1333.5722793045034,1337.0994,1329.8079,1344.1824
2024-01-19,1338.53,1338.73,1328.182,1321.884,1310.3020000000001,1316.6083938376053,1330.193459211615,1336.1511396522517,1344.5206,1334.7007,1338.6777
2024-01-22,1338.25,1338.53,1333.28,1324.698,1311.831,1318.8005544538448,1332.6944214481305,1337.3405698261258,1343.3291,1338.1072,1338.4756
2024-01-23,1333.76,1338.25,1338.248,1326.961,1313.7825,1320.7454990084605,1334.3610950136913,1337.795284913063,1339.7178,1340.0752,1338.1947
2024-01-24,1337.74,1333.76,1338.7,1328.779,1315.2295,1322.0469491076144,1334.180766509584,1335.7776424565313,1335.3868,1339.6865,1333.7083
2024-01-25,1336.0,1337.74,1337.402,1330.961,1316.9895000000001,1323.6162541968529,1335.2485365567086,1336.7588212282658,1334.8042,1339.6134,1337.6863
2024-01-26,1336.08,1336.0,1336.8560000000002,1332.519,1319.077,1324.8546287771676,1335.473975589696,1336.379410614133,1335.7318,1338.7665,1335.9469
2024-01-29,1335.5,1336.08,1336.366,1334.823,1321.212,1325.9771658994507,1335.6557829127871,1336.2297053070665,1336.2521,1337.7952,1336.0272
2024-01-30,1328.93,1335.5,1335.816,1337.032,1323.5645,1326.9294493095056,1335.6090480389507,1335.8648526535333,1336.1666,1336.7212,1335.4479
2024-01-31,1334.9,1328.93,1334.85,1336.775,1325.4625,1327.129504378555,1333.6053336272655,1332.3974263267667,1332.6461,1333.94,1328.8842
2024-02-01,1331.78,1334.9,1334.2820000000002,1335.842,1327.1815000000001,1327.9065539406997,1333.993733539086,1333.6487131633835,1331.9385,1333.1052,1334.8518
2024-02-02,1321.9,1331.78,1333.4379999999999,1335.1470000000002,1328.5155,1328.2938985466299,1333.32961347736,1332.7143565816918,1332.2805,1331.9156,1331.7335
2024-02-05,1330.98,1321.9,1330.602,1333.484,1329.091,1327.654508691967,1329.900729434152,1327.307178290846,1327.4811,1328.217,1321.8635
2024-02-06,1326.83,1330.98,1329.698,1332.757,1329.859,1327.9870578227703,1330.2245106039063,1329.143589145423,1326.6864,1327.5132,1330.9402
2024-02-07,1327.37,1326.83,1329.278,1332.0639999999999,1330.4215,1327.8713520404933,1329.2061574227343,1327.9867945727115,1327.3961,1326.3638,1326.7922
2024-02-08,1328.07,1327.37,1327.772,1331.027,1330.9940000000001,1327.8212168364441,1328.655310195914,1327.6783972863557,1327.6722,1325.7936,1327.3329
2024-02-09,1333.1,1328.07,1327.03,1330.234,1331.3764999999999,1327.8460951527998,1328.4797171371397,1327.8741986431778,1328.3186,1325.8186,1328.0325
2024-02-12,1331.37,1333.1,1329.27,1329.936,1332.3795,1328.3714856375198,1329.8658019959976,1330.4870993215889,1330.8534,1327.5576,1333.0577
2024-02-13,1327.88,1331.37,1329.348,1329.523,1333.2775,1328.6713370737677,1330.3170613971981,1330.9285496607945,1332.656,1328.9128,1331.3269
2024-02-14,1335.06,1327.88,1329.558,1329.418,1333.0965,1328.592203366391,1329.5859429780387,1329.4042748303973,1330.9814,1329.052,1327.8398
2024-02-15,1333.84,1335.06,1331.096,1329.434,1332.6380000000001,1329.238983029752,1331.228160084627,1332.2321374151986,1331.9736,1330.9424,1335.0146
2024-02-16,1334.96,1333.84,1332.25,1329.64,1332.3935,1329.6990847267768,1332.0117120592388,1333.0360687075993,1333.8678,1332.3323,1333.7931
2024-02-20,1337.25,1334.96,1332.6219999999998,1330.946,1332.215,1330.2251762540993,1332.896198441467,1333.9980343537995,1335.1222,1333.6561,1334.9114
2024-02-21,1334.95,1337.25,1333.798,1331.5729999999999,1332.165,1330.9276586286894,1334.2023389090268,1335.6240171768998,1336.7135,1335.2433,1337.1984
2024-02-22,1328.71,1334.95,1335.212,1332.385,1332.2245,1331.3298927658207,1334.4266372363186,1335.28700858845,1336.5219,1335.8057,1334.8989
2024-02-23,1328.71,1328.71,1333.942,1332.5189999999998,1331.773,1331.0679034892387,1332.7116460654229,1331.9985042942249,1332.63,1334.1934,1328.665
2024-02-26,1330.86,1328.71,1332.916,1332.583,1331.4085,1330.832113140315,1331.511152245796,1330.3542521471124,1328.8519,1332.3217,1328.668
2024-02-27,1330.86,1330.86,1332.096,1332.359,1331.1475,1330.8349018262836,1331.315806572057,1330.6071260735562,1328.562,1331.204,1330.8175
2024-02-28,1336.02,1330.86,1330.818,1332.308,1330.9155,1330.8374116436553,1331.17906460044,1330.733563036778,1330.0961,1330.418,1330.8173
2024-02-29,1336.19,1336.02,1331.032,1333.122,1331.27,1331.35567047929,1332.6313452203078,1333.376781518389,1333.7671,1331.4127,1335.9724
2024-03-01,1334.8,1336.19,1332.528,1333.235,1331.3345,1331.8391034313609,1333.6989416542153,1334.7833907591944,1336.7148,1332.6992,1336.1399
2024-03-04,1331.29,1334.8,1333.7459999999999,1333.331,1331.4855,1332.135193088225,1334.0292591579507,1334.791695379597,1336.7993,1333.5328,1334.7499
2024-03-05,1336.51,1331.29,1333.8319999999999,1332.964,1331.955,1332.0506737794024,1333.2074814105654,1333.0408476897985,1334.0387,1333.164,1331.243
2024-03-06,1333.99,1336.51,1334.962,1332.8899999999999,1332.2315,1332.4966064014623,1334.1982369873958,1334.7754238448993,1333.8167,1334.0667,1336.4598
2024-03-07,1324.3,1333.99,1334.556,1332.7939999999999,1332.5895,1332.645945761316,1334.135765891177,1334.3827119224497,1334.4016,1334.2218,1333.9406
2024-03-08,1319.28,1324.3,1332.1779999999999,1332.353,1332.436,1331.8113511851845,1331.185036123824,1329.341355961225,1329.86,1331.448,1324.2599
2024-03-11,1312.55,1319.28,1329.074,1331.4099999999999,1331.9965,1330.5582160666663,1327.6135252866766,1324.3106779806126,1322.4294,1327.1246,1319.2491
2024-03-12,1310.82,1312.55,1325.3259999999998,1329.5790000000002,1330.969,1328.75739446,1323.0944677006735,1318.4303389903062,1314.4529,1321.2068,1312.53
2024-03-13,1314.67,1310.82,1320.188,1327.575,1329.9415000000001,1326.9636550139999,1319.4121273904714,1314.625169495153,1309.3477,1315.5946,1310.8071
2024-03-14,1318.2,1314.67,1316.324,1325.44,1329.281,1325.7342895126,1317.98948917333,1314.6475847475765,1310.4799,1312.4417,1314.6571
2024-03-15,1329.35,1318.2,1315.104,1323.641,1328.4379999999999,1324.98086056134,1318.0526424213308,1316.4237923737883,1315.7725,1311.8397,1318.1837
2024-03-18,1333.59,1329.35,1317.118,1323.096,1328.2135,1325.417774505206,1321.4418496949315,1322.886896186894,1325.2378,1315.7057,1329.3218
2024-03-19,1338.28,1333.59,1321.326,1323.326,1328.145,1326.2349970546852,1325.0862947864518,1328.238448093447,1333.8357,1321.4017,1333.552
2024-03-20,1339.02,1338.28,1326.8179999999998,1323.5030000000002,1328.1965,1327.4394973492167,1329.0444063505163,1333.2592240467234,1339.1058,1328.0359,1338.2329
2024-03-21,1322.11,1339.02,1331.688,1324.0059999999999,1328.4,1328.597547614295,1332.0370844453612,1336.1396120233617,1340.8855,1333.7655,1338.9677
2024-03-22,1338.14,1322.11,1332.4699999999998,1323.7869999999998,1328.0700000000002,1327.9487928528656,1329.0589591117528,1329.124806011681,1332.4242,1333.2714,1322.0706
2024-03-25,1342.61,1338.14,1334.228,1325.673,1328.5415,1328.9679135675792,1331.7832713782268,1333.6324030058404,1330.4326,1335.7094,1338.0922
2024-03-26,1344.0,1342.61,1336.032,1328.6789999999999,1329.1290000000001,1330.3321222108214,1335.0312899647586,1338.12120150292,1336.9535,1338.7865,1342.5538
2024-03-27,1348.58,1344.0,1337.176,1331.9969999999998,1329.786,1331.6989099897394,1337.721902975331,1341.06060075146,1343.1918,1341.5156,1343.9385
2024-03-28,1346.01,1348.58,1339.088,1335.388,1330.414,1333.3870189907655,1340.9793320827316,1344.8203003757299,1347.9261,1344.6754,1348.5117
2024-03-29,1347.08,1346.01,1343.868,1338.169,1330.905,1334.6493170916888,1342.488532457912,1345.415150187865,1348.273,1346.3575,1345.9407
2024-04-01,1348.75,1347.08,1345.656,1339.942,1331.519,1335.89238538252,1343.8659727205384,1346.2475750939325,1347.1467,1347.5099,1347.0092
2024-04-02,1351.37,1348.75,1346.884,1341.458,1332.392,1337.178146844268,1345.3311809043767,1347.4987875469662,1347.2498,1348.5166,1348.6768
2024-04-03,1348.5,1351.37,1348.358,1342.7669999999998,1333.1349999999998,1338.5973321598412,1347.1428266330636,1349.434393773483,1349.0035,1349.779,1351.2933
2024-04-04,1346.87,1348.5,1348.342,1343.715,1333.8605,1339.587598943857,1347.5499786431444,1348.9671968867415,1349.3499,1349.9067,1348.4241
2024-04-05,1352.58,1346.87,1348.514,1346.191,1334.989,1340.3158390494714,1347.345985050201,1347.9185984433707,1347.7937,1349.2546,1346.7959
2024-04-08,1353.2,1352.58,1349.614,1347.635,1336.654,1341.5422551445242,1348.9161895351406,1350.2492992216853,1348.9667,1349.9955,1352.5017
2024-04-09,1354.8,1353.2,1350.504,1348.694,1338.6865,1342.7080296300717,1350.2013326745982,1351.7246496108428,1351.3684,1350.8961,1353.1191
2024-04-10,1349.05,1354.8,1351.19,1349.774,1340.8854999999999,1343.9172266670646,1351.5809328722187,1353.2623248054215,1353.4014,1352.0708,1354.7163
2024-04-11,1364.19,1349.05,1351.3,1349.821,1342.6045,1344.430504000358,1350.821653010553,1351.1561624027108,1351.7643,1351.5107,1348.9701
2024-04-12,1374.74,1364.19,1354.764,1351.639,1344.904,1346.4064536003223,1354.832157107387,1357.6730812013554,1355.7434,1354.7262,1364.0986
2024-04-15,1383.63,1374.74,1359.196,1354.405,1347.1734999999999,1349.23980824029,1360.8045099751707,1366.2065406006777,1365.6265,1360.4686,1374.6337
2024-04-16,1393.92,1383.63,1365.282,1357.893,1349.6754999999998,1352.678827416261,1367.6521569826195,1374.918270300339,1375.5381,1367.5626,1383.5088
2024-04-17,1385.88,1393.92,1373.106,1362.1480000000001,1352.4575,1356.802944674635,1375.5325098878336,1384.4191351501695,1384.1775,1375.6215,1393.7827
2024-04-18,1373.42,1385.88,1380.472,1365.886,1354.8004999999998,1359.7106502071715,1378.6367569214835,1385.1495675750848,1384.8325,1380.1252,1385.7412
2024-04-19,1376.72,1373.42,1382.318,1368.541,1357.3660000000002,1361.0815851864545,1377.0717298450384,1379.2847837875424,1377.3948,1380.1747,1373.2909
2024-04-22,1381.84,1376.72,1382.7140000000002,1370.955,1359.2949999999998,1362.645426667809,1376.9662108915268,1378.0023918937713,1372.4952,1379.9624,1376.593
2024-04-23,1379.27,1381.84,1382.3560000000002,1373.819,1361.2565,1364.564884001028,1378.4283476240687,1379.9211959468857,1373.7605,1380.5447,1381.7097
2024-04-24,1369.86,1379.27,1379.426,1376.266,1363.02,1366.0353956009253,1378.680843336848,1379.5955979734429,1375.3433,1380.3011,1379.1401
2024-04-25,1369.86,1369.86,1376.2220000000002,1378.3470000000002,1364.084,1366.4178560408327,1376.0345903357934,1374.7277989867214,1371.8776,1377.6777,1369.7383
2024-04-26,1375.1,1369.86,1375.51,1378.914,1365.2765000000002,1366.7620704367496,1374.1822132350553,1372.2938994933606,1368.0172,1375.1115,1369.7426
2024-04-29,1377.35,1375.1,1375.186,1378.95,1366.6775,1367.5958633930748,1374.4575492645386,1373.6969497466803,1368.678,1374.2134,1374.9801
2024-04-30,1381.92,1377.35,1374.288,1378.322,1368.1074999999998,1368.5712770537673,1375.325284485177,1375.52347487334,1371.7032,1374.2551,1377.227
2024-05-01,1386.95,1381.92,1374.818,1377.1219999999998,1369.635,1369.9061493483905,1377.3036991396239,1378.72173743667,1375.5781,1375.5702,1381.7916
2024-05-02,1375.39,1386.95,1378.2359999999999,1377.229,1371.5575000000001,1371.6105344135515,1380.1975893977367,1382.835868718335,1379.7299,1378.0326,1386.8147
2024-05-03,1363.04,1375.39,1379.342,1377.426,1372.9835,1371.9884809721964,1378.7553125784157,1379.1129343591674,1377.259,1377.5436,1375.2609
2024-05-06,1358.81,1363.04,1376.93,1376.058,1373.5065,1371.093632874977,1374.040718804891,1371.0764671795837,1368.1989,1373.8081,1362.9246
2024-05-07,1359.45,1358.81,1373.222,1373.755,1373.7869999999998,1369.8652695874794,1369.4715031634237,1364.9432335897918,1359.5435,1369.154,1358.7052
2024-05-08,1359.45,1359.45,1368.7279999999998,1371.773,1374.0194999999999,1368.8237426287315,1366.4650522143966,1362.1966167948958,1355.9297,1365.2751,1359.35
2024-05-09,1369.74,1359.45,1363.228,1370.732,1374.5395,1367.8863683658583,1364.3605365500775,1360.8233083974478,1356.1724,1362.2273,1359.3524
2024-05-10,1367.77,1369.74,1362.098,1370.72,1374.8169999999998,1368.0717315292725,1365.974375585054,1365.281654198724,1361.8319,1362.65,1369.6348
2024-05-13,1367.91,1367.77,1363.0439999999999,1369.987,1374.4685,1368.0415583763454,1366.5130629095377,1366.525827099362,1365.9763,1363.1866,1367.6626
2024-05-14,1368.77,1367.91,1364.864,1369.0430000000001,1373.6825,1368.028402538711,1366.9321440366764,1367.217913549681,1366.7451,1363.9133,1367.8015
2024-05-15,1360.15,1368.77,1366.728,1367.728,1372.425,1368.10256228484,1367.4835008256732,1367.9939567748406,1366.5913,1364.8826,1368.6602
2024-05-16,1345.15,1360.15,1366.868,1365.0480000000002,1371.1385,1367.307306056356,1365.2834505779713,1364.0719783874204,1362.6537,1363.5958,1360.047
2024-05-17,1354.83,1345.15,1361.95,1362.024,1369.725,1365.0915754507207,1359.2434154045798,1354.6109891937103,1352.4117,1358.3191,1345.0636
2024-05-20,1356.0,1354.83,1359.3619999999999,1361.203,1368.6305,1364.0654179056487,1357.9193907832057,1354.7204945968551,1348.6649,1355.9092,1354.7434
2024-05-21,1363.54,1356.0,1356.98,1360.922,1367.3385,1363.2588761150837,1357.343573548244,1355.3602472984276,1351.3213,1354.6509,1355.9122
2024-05-22,1362.36,1363.54,1355.934,1361.3310000000001,1366.5520000000001,1363.2869885035755,1359.2025014837707,1359.4501236492138,1357.5898,1355.9645,1363.4451
2024-05-23,1362.38,1362.36,1356.3759999999997,1361.6219999999998,1366.1770000000001,1363.1942896532178,1360.1497510386394,1360.905061824607,1361.6492,1357.305,1362.2626
2024-05-24,1369.02,1362.38,1359.8220000000001,1360.886,1365.8029999999999,1363.112860687896,1360.8188257270474,1361.6425309123035,1362.057,1358.5869,1362.2814
2024-05-28,1357.65,1369.02,1362.66,1361.011,1365.499,1363.7035746191066,1363.279178008933,1365.3312654561519,1364.135,1361.3733,1368.915
2024-05-29,1365.07,1357.65,1362.9900000000002,1359.9850000000001,1364.5140000000001,1363.0982171571961,1361.590424606253,1361.490632728076,1361.3728,1360.9543,1357.5516
2024-05-30,1365.07,1365.07,1363.296,1359.615,1363.6715,1363.2953954414766,1362.634297224377,1363.2803163640378,1360.5605,1362.0067,1364.9685
2024-05-31,1385.43,1365.07,1363.8380000000002,1360.107,1362.5774999999999,1363.472855897329,1363.3650080570637,1364.175158182019,1362.0034,1362.9437,1364.9669
2024-06-03,1375.91,1385.43,1368.4479999999999,1364.135,1363.0795,1365.6685703075964,1369.9845056399445,1374.8025790910096,1371.4216,1368.6187,1385.3087
2024-06-04,1375.96,1375.91,1369.826,1366.243,1363.723,1366.692713276837,1371.762153947961,1375.3562895455048,1375.8013,1371.484,1375.7876
2024-06-05,1372.58,1375.96,1373.4879999999998,1368.239,1364.5805,1367.6194419491533,1373.0215077635726,1375.6581447727524,1374.6624,1373.3906,1375.8372
2024-06-06,1365.45,1372.58,1374.99,1369.143,1365.237,1368.115497754238,1372.8890554345007,1374.119072386376,1371.7216,1373.8169,1372.4597
2024-06-07,1366.38,1365.45,1375.066,1369.452,1365.537,1367.8489479788143,1370.6573388041504,1369.7845361931882,1366.5227,1372.0405,1365.337
2024-06-10,1375.71,1366.38,1371.2559999999999,1369.852,1365.369,1367.7020531809328,1369.3741371629053,1368.0822680965941,1363.551,1370.3239,1366.2699
2024-06-11,1375.71,1375.71,1371.216,1370.521,1365.766,1368.5028478628394,1371.2748960140336,1371.896134048297,1367.0718,1371.0764,1375.5934
2024-06-12,1378.01,1375.71,1371.166,1372.327,1366.1560000000002,1369.2235630765554,1372.6054272098236,1373.8030670241485,1371.2911,1371.984,1375.5901
2024-06-13,1376.11,1378.01,1372.252,1373.6209999999999,1366.618,1370.1022067688998,1374.2267990468763,1375.9065335120742,1373.9238,1373.3267,1377.8865
2024-06-14,1378.96,1376.11,1374.384,1374.725,1367.416,1370.7029860920097,1374.7917593328134,1376.008266756037,1374.0095,1374.0294,1375.9863
2024-06-17,1380.5,1378.96,1376.9,1374.078,1369.1064999999999,1371.5286874828087,1376.0422315329693,1377.4841333780187,1374.251,1375.1685,1378.8339
2024-06-18,1380.88,1380.5,1377.858,1374.537,1370.3899999999999,1372.4258187345279,1377.3795620730784,1378.9920666890093,1375.4426,1376.4587,1380.3712
2024-06-20,1384.38,1380.88,1378.892,1375.029,1371.634,1373.271236861075,1378.429693451155,1379.9360333445047,1376.4069,1377.5621,1380.7496
2024-06-21,1388.17,1384.38,1380.166,1376.209,1372.676,1374.3821131749678,1380.2147854158084,1382.1580166722524,1378.1816,1379.179,1384.2458
2024-06-24,1389.17,1388.17,1382.578,1378.4810000000002,1373.9665,1375.760901857471,1382.6013497910658,1385.1640083361262,1380.9272,1381.3365,1388.0308
2024-06-25,1387.16,1389.17,1384.6200000000001,1380.76,1375.306,1377.101811671724,1384.5719448537461,1387.1670041680632,1382.9712,1383.2948,1389.0273
2024-06-26,1388.65,1387.16,1385.952,1381.9050000000002,1376.2130000000002,1378.1076305045517,1385.3483613976223,1387.1635020840317,1382.894,1384.3326,1387.0173
2024-06-27,1385.76,1388.65,1387.506,1383.199,1377.7630000000001,1379.1618674540966,1386.3388529783356,1387.906751042016,1382.7241,1385.296,1388.5061
2024-06-28,1376.55,1385.76,1387.7820000000002,1383.974,1378.7975000000001,1379.821680708687,1386.1651970848347,1386.8333755210078,1381.6991,1385.336,1385.6178
2024-07-01,1383.0,1376.55,1385.458,1384.018,1379.3715,1379.4945126378182,1383.2806379593842,1381.691687760504,1377.0957,1383.1112,1376.4163
2024-07-02,1386.55,1383.0,1384.2240000000002,1384.422,1379.25,1379.8450613740363,1383.1964465715687,1382.345843880252,1375.991,1382.3977,1382.8654
2024-07-03,1384.85,1386.55,1384.102,1385.027,1379.782,1380.5155552366327,1384.202512600098,1384.447921940126,1378.6766,1382.7516,1386.4117
2024-07-05,1379.87,1384.85,1383.342,1385.424,1380.2265000000002,1380.9489997129695,1384.3967588200685,1384.648960970063,1380.2297,1382.7911,1384.7114
2024-07-08,1382.73,1379.87,1382.164,1384.973,1380.591,1380.8410997416727,1383.0387311740478,1382.2594804850314,1378.423,1381.6841,1379.7354
2024-07-09,1383.39,1382.73,1383.4,1384.4289999999999,1381.455,1381.0299897675054,1382.9461118218335,1382.4947402425157,1377.4309,1381.3031,1382.5951
2024-07-10,1383.42,1383.39,1383.478,1383.8509999999999,1382.3055,1381.2659907907548,1383.0792782752833,1382.942370121258,1377.9126,1381.2356,1383.2543
2024-07-11,1370.85,1383.42,1382.852,1383.477,1382.691,1381.4813917116794,1383.1814947926982,1383.181185060629,1378.5072,1381.2458,1383.2839
2024-07-12,1374.9,1370.85,1380.0520000000001,1381.697,1382.4479999999999,1380.4182525405115,1379.4820463548886,1377.0155925303145,1373.7302,1378.3782,1370.7242
2024-07-15,1382.97,1374.9,1379.058,1380.611,1382.2925,1379.8664272864603,1378.107432448422,1375.9577962651574,1370.5914,1376.6271,1374.7761
2024-07-16,1384.99,1382.97,1379.1060000000002,1381.2530000000002,1382.6354999999999,1380.1767845578142,1379.5662027138953,1379.4638981325788,1373.7648,1377.2455,1382.8402
2024-07-17,1380.61,1384.99,1379.426,1381.452,1382.9370000000001,1380.658106102033,1381.1933418997266,1382.2269490662893,1378.2058,1378.5658,1384.8556
2024-07-18,1383.85,1380.61,1378.864,1380.858,1382.9425,1380.6532954918296,1381.0183393298084,1381.4184745331445,1378.6864,1378.7999,1380.4769
2024-07-19,1389.29,1383.85,1381.464,1380.758,1383.091,1380.9729659426466,1381.867837530866,1382.6342372665722,1378.6212,1379.6453,1383.715
2024-07-22,1388.71,1389.29,1384.342,1381.7,1383.3365,1381.804669348382,1384.094486271606,1385.962118633286,1381.0286,1381.6304,1389.1494
2024-07-23,1385.78,1388.71,1385.49,1382.298,1383.3635,1382.495202413544,1385.479140390124,1387.336059316643,1382.8785,1383.2264,1388.567
2024-07-24,1379.4,1385.78,1385.648,1382.537,1383.194,1382.8236821721896,1385.5693982730868,1386.5580296583216,1382.2314,1383.7979,1385.6383
2024-07-25,1380.57,1379.4,1385.4060000000002,1382.135,1382.806,1382.4813139549708,1383.7185787911608,1382.9790148291609,1378.5437,1382.6562,1379.2642
2024-07-26,1383.11,1380.57,1384.75,1383.107,1382.402,1382.2901825594738,1382.7740051538124,1381.7745074145805,1376.1089,1381.7085,1380.4363
2024-07-29,1381.93,1383.11,1383.514,1383.9279999999999,1382.2694999999999,1382.3721643035265,1382.8748036076686,1382.44225370729,1376.7158,1381.4789,1382.9751
2024-07-30,1384.98,1381.93,1382.158,1383.824,1382.5385,1382.3279478731738,1382.591362525368,1382.186126853645,1377.4763,1381.0938,1381.7955
2024-07-31,1369.29,1384.98,1381.998,1383.8229999999999,1382.6375,1382.5931530858566,1383.3079537677575,1383.5830634268225,1378.884,1381.4664,1384.8433
2024-08-01,1368.5,1369.29,1379.976,1382.691,1381.7745,1381.262837777271,1379.1025676374302,1376.4365317134111,1373.6052,1378.2493,1369.1652
2024-08-02,1359.38,1368.5,1377.562,1381.1560000000002,1380.9569999999999,1379.9865539995437,1375.9217973462012,1372.4682658567056,1367.528,1374.9541,1368.3821
2024-08-05,1367.68,1359.38,1372.816,1378.165,1379.9325000000001,1377.9258985995896,1370.9592581423408,1365.9241329283527,1361.1592,1369.9568,1359.2733
2024-08-06,1377.4,1367.68,1369.966,1376.0620000000001,1379.1799999999998,1376.9013087396306,1369.9754806996384,1366.8020664641763,1360.7399,1367.7355,1367.5719
2024-08-07,1374.98,1377.4,1368.45,1375.224,1378.8805,1376.9511778656677,1372.202836489747,1372.1010332320882,1367.7458,1368.8173,1377.2828
2024-08-08,1376.94,1374.98,1369.5880000000002,1374.782,1378.4585,1376.754060079101,1373.0359855428228,1373.540516616044,1372.3063,1369.7394,1374.8605
2024-08-09,1363.71,1376.94,1371.2760000000003,1374.419,1378.7630000000001,1376.7726540711908,1374.2071898799759,1375.240258308022,1373.8759,1371.1428,1376.8176
2024-08-12,1369.87,1363.71,1372.1420000000003,1372.479,1378.2035,1375.466388664072,1371.058032915983,1369.475129154011,1368.4578,1369.2136,1363.5974
2024-08-13,1367.28,1369.87,1372.58,1371.273,1377.5485,1374.9067497976648,1370.701623041188,1369.6725645770055,1365.3221,1368.7456,1369.7572
2024-08-14,1355.35,1367.28,1370.556,1369.5030000000002,1376.663,1374.1440748178984,1369.6751361288316,1368.4762822885027,1364.7076,1367.8909,1367.1692
2024-08-15,1363.21,1355.35,1366.6299999999999,1368.109,1375.4,1372.2646673361087,1365.377595290182,1361.9131411442513,1359.5012,1364.1503,1355.2506
2024-08-16,1354.34,1363.21,1363.8839999999998,1367.58,1374.368,1371.3592006024978,1364.7273167031274,1362.5615705721257,1358.1335,1362.7244,1363.1095
2024-08-19,1334.21,1354.34,1362.0099999999998,1367.076,1372.6205,1369.6572805422481,1361.611121692189,1358.450785286063,1355.9529,1359.6095,1354.2467
2024-08-20,1331.78,1334.21,1354.8780000000002,1363.729,1369.8955,1366.1125524880233,1353.3907851845322,1346.3303926430315,1344.4965,1351.4789,1334.1383
2024-08-21,1333.74,1331.78,1347.7779999999998,1359.167,1367.1955,1362.679297239221,1346.9075496291725,1339.0551963215157,1333.0289,1343.3483,1331.7214
2024-08-22,1343.23,1333.74,1343.4560000000001,1355.043,1364.9125,1359.785367515299,1342.9572847404206,1336.3975981607578,1329.0673,1337.2633,1333.6863
2024-08-23,1327.56,1343.23,1339.46,1351.672,1363.0455,1358.1298307637692,1343.0390993182943,1339.8137990803789,1335.0747,1335.651,1343.1702
2024-08-26,1328.53,1327.56,1334.104,1348.057,1360.268,1355.0728476873924,1338.395369522806,1333.6868995401894,1335.2058,1331.1012,1327.5114
2024-08-27,1330.9,1328.53,1332.968,1343.923,1357.598,1352.4185629186532,1335.4357586659642,1331.1084497700947,1330.8408,1327.8202,1328.4863
2024-08-28,1335.15,1330.9,1332.792,1340.285,1354.894,1350.2667066267877,1334.075031066175,1331.0042248850473,1329.1611,1326.4574,1330.8566
2024-08-29,1332.02,1335.15,1333.074,1338.2649999999999,1353.187,1348.755035964109,1334.3975217463224,1333.0771124425237,1331.632,1327.3875,1335.1028
2024-08-30,1336.0,1332.02,1330.8319999999999,1335.1460000000002,1351.3629999999998,1347.0815323676982,1333.6842652224254,1332.5485562212618,1333.6003,1328.1136,1331.9739
2024-09-03,1339.79,1336.0,1332.52,1333.3120000000001,1350.194,1345.9733791309284,1334.3789856556978,1334.2742781106308,1335.2489,1330.1763,1335.9507
2024-09-04,1336.93,1339.79,1334.772,1333.87,1348.7994999999999,1345.3550412178356,1336.0022899589883,1337.0321390553154,1338.1738,1333.2994,1339.7357
2024-09-05,1335.14,1336.93,1335.978,1334.385,1346.776,1344.512537096052,1336.2806029712917,1336.9810695276578,1338.8414,1335.2902,1336.8759
2024-09-06,1335.68,1335.14,1335.976,1334.525,1344.784,1343.5752833864467,1335.9384220799043,1336.0605347638289,1337.0818,1336.1691,1335.0875
2024-09-09,1342.16,1335.68,1336.708,1333.77,1342.721,1342.785755047802,1335.860895455933,1335.8702673819143,1335.5466,1336.6476,1335.6279
2024-09-10,1343.41,1342.16,1337.94,1335.23,1341.6435,1342.723179543022,1337.750626819153,1339.015133690957,1338.1088,1338.5537,1342.1022
2024-09-11,1340.59,1343.41,1338.6640000000002,1336.718,1340.3205,1342.7918615887197,1339.448438773407,1341.2125668454787,1342.1041,1340.533,1343.3481
2024-09-12,1341.35,1340.59,1339.3960000000002,1337.687,1338.986,1342.5716754298478,1339.7909071413847,1340.9012834227392,1342.8416,1341.2998,1340.5287
2024-09-13,1329.26,1341.35,1340.638,1338.307,1338.286,1342.449507886863,1340.2586349989692,1341.1256417113696,1341.9441,1341.796,1341.2883
2024-09-16,1320.59,1329.26,1339.354,1338.031,1336.5885,1341.1305570981767,1336.9590444992784,1335.1928208556847,1335.5675,1338.6022,1329.209
2024-09-17,1323.81,1320.59,1335.04,1336.49,1334.901,1339.076501388359,1332.0483311494947,1327.8914104278424,1325.1921,1332.6963,1320.5525
2024-09-18,1324.15,1323.81,1331.12,1334.892,1334.381,1337.5498512495233,1329.5768318046462,1325.8507052139212,1320.0826,1328.1233,1323.7761
2024-09-19,1329.08,1324.15,1327.8319999999999,1333.614,1333.9995,1336.209866124571,1327.9487822632523,1325.0003526069606,1320.8894,1324.7186,1324.1177
2024-09-20,1333.66,1329.08,1325.3780000000002,1333.008,1333.7665000000002,1335.4968795121138,1328.2881475842764,1327.0401763034802,1325.9475,1323.9004,1329.044
2024-09-23,1334.12,1333.66,1326.258,1332.806,1333.288,1335.3131915609024,1329.8997033089934,1330.3500881517402,1332.3523,1325.4431,1333.6179
2024-09-24,1330.0,1334.12,1328.964,1332.002,1333.616,1335.1938724048123,1331.1657923162952,1332.23504407587,1335.8319,1327.6902,1334.0745
2024-09-25,1335.1,1330.0,1330.202,1330.661,1333.6895,1334.6744851643311,1330.8160546214067,1331.117522037935,1334.21,1328.7902,1329.9567
2024-09-26,1314.78,1335.1,1332.3919999999998,1330.112,1333.8995,1334.717036647898,1332.1012382349845,1333.1087610189675,1333.465,1331.0244,1335.053
2024-09-27,1309.43,1314.78,1329.532,1327.455,1332.881,1332.7233329831083,1326.904866764489,1323.9443805094838,1324.808,1327.14,1314.7499
2024-09-30,1314.94,1309.43,1324.6860000000001,1325.472,1331.7515,1330.3939996847976,1321.6624067351422,1316.6871902547418,1312.443,1321.1632,1309.4135
2024-10-01,1323.78,1314.94,1320.85,1324.907,1330.6985,1328.8485997163177,1319.6456847145996,1315.813595127371,1308.556,1317.2218,1314.9249
2024-10-02,1321.53,1323.78,1319.606,1324.904,1329.898,1328.3417397446858,1320.8859793002196,1319.7967975636855,1315.5986,1317.0111,1323.7574
2024-10-03,1335.58,1321.53,1316.8920000000003,1324.642,1329.1280000000002,1327.6605657702173,1321.0791855101536,1320.6633987818427,1323.1978,1317.2477,1321.5059
2024-10-04,1348.74,1335.58,1321.0520000000001,1325.292,1329.15,1328.4525091931955,1325.4294298571074,1328.1216993909213,1332.0332,1322.0762,1335.5422
2024-10-07,1343.75,1348.74,1328.914,1326.7999999999997,1329.803,1330.481258273876,1332.4226008999751,1338.4308496954607,1343.7687,1330.7223,1348.6835
2024-10-08,1346.49,1343.75,1334.676,1327.763,1329.8825000000002,1331.8081324464883,1335.8208206299826,1341.0904248477304,1348.2728,1337.1768,1343.6887
2024-10-09,1346.04,1346.49,1339.218,1329.4119999999998,1330.0365,1333.2763192018397,1339.0215744409877,1343.7902124238653,1348.0283,1342.6559,1346.4238
2024-10-10,1350.77,1346.04,1344.12,1330.5059999999999,1330.309,1334.5526872816558,1341.1271021086914,1344.9151062119327,1346.5591,1346.2896,1345.9717
2024-10-11,1350.71,1350.77,1347.1580000000001,1334.105,1330.78,1336.1744185534903,1344.0199714760838,1347.8425531059663,1347.5234,1349.5945,1350.6963
2024-10-15,1365.17,1350.71,1347.5520000000001,1338.233,1331.8525,1337.6279766981413,1346.0269800332587,1349.2762765529833,1349.5303,1351.6405,1350.6337
2024-10-16,1363.76,1365.17,1351.836,1343.2559999999999,1334.0815,1340.3821790283273,1351.769886023281,1357.2231382764917,1356.7651,1356.3789,1365.0796
2024-10-17,1371.08,1363.76,1355.29,1347.254,1336.079,1342.7199611254946,1355.3669202162966,1360.4915691382457,1362.4221,1359.8855,1363.6637
2024-10-18,1369.65,1371.08,1360.298,1352.209,1338.4255,1345.555965012945,1360.0808441514075,1365.7857845691228,1366.6864,1364.09,1370.9745
2024-10-21,1379.14,1369.65,1364.074,1355.616,1340.454,1347.9653685116505,1362.9515909059853,1367.7178922845615,1368.362,1366.9204,1369.541
2024-10-22,1379.22,1379.14,1369.7599999999998,1358.6560000000002,1342.7279999999998,1351.0828316604855,1367.8081136341896,1373.428946142281,1371.8147,1370.9908,1379.0212
2024-10-23,1381.61,1379.22,1372.57,1362.203,1344.983,1353.896548494437,1371.2316795439326,1376.3244730711403,1374.9279,1374.1569,1379.0962
2024-10-24,1382.11,1381.61,1376.14,1365.7150000000001,1347.5635,1356.6678936449935,1374.3451756807526,1378.96723653557,1376.7908,1376.8887,1381.4816
2024-10-25,1389.24,1382.11,1378.346,1369.322,1349.9140000000002,1359.2121042804943,1376.6746229765267,1380.5386182677848,1377.7588,1378.8962,1381.9788
2024-10-28,1385.57,1389.24,1382.264,1373.1689999999999,1353.637,1362.214893852445,1380.4442360835687,1384.8893091338923,1380.6956,1381.7861,1389.1014
2024-10-29,1382.2,1385.57,1383.55,1376.6550000000002,1357.444,1364.5504044672005,1381.9819652584981,1385.229654566946,1381.6865,1383.2081,1385.4307
2024-10-30,1378.41,1382.2,1384.146,1378.358,1360.807,1366.3153640204805,1382.0473756809486,1383.714827283473,1379.7749,1383.2598,1382.0632
2024-10-31,1377.57,1378.41,1383.5059999999999,1379.8229999999999,1363.5385,1367.5248276184325,1380.956162976664,1381.0624136417364,1376.5221,1382.114,1378.2776
2024-11-01,1376.95,1377.57,1382.598,1380.4720000000002,1366.3404999999998,1368.5293448565894,1379.9403140836648,1379.316206820868,1374.1078,1380.6927,1377.4404
2024-11-04,1375.17,1376.95,1380.1399999999999,1381.202,1368.409,1369.3714103709306,1379.0432198585652,1378.1331034104342,1373.0994,1379.2584,1376.8225
2024-11-05,1380.26,1375.17,1378.06,1380.8049999999998,1369.7305000000001,1369.9512693338377,1377.8812539009955,1376.6515517052171,1372.2496,1377.6294,1375.0449
2024-11-06,1399.98,1380.26,1377.672,1380.909,1371.556,1370.982142400454,1378.5948777306967,1378.4557758526084,1373.8279,1377.4779,1380.132
2024-11-07,1384.66,1399.98,1381.986,1382.7459999999999,1374.2305000000001,1373.8819281604087,1385.0104144114875,1389.2178879263042,1383.449,1382.0417,1399.8341
2024-11-08,1396.69,1384.66,1383.404,1383.001,1376.1615,1374.9597353443678,1384.9052900880413,1386.9389439631523,1385.0406,1382.9342,1384.5176
2024-11-12,1408.28,1396.69,1387.352,1383.746,1378.4575,1377.1327618099313,1388.440703061629,1391.8144719815762,1386.6294,1385.8842,1396.5398
2024-11-13,1404.24,1408.28,1393.9740000000002,1386.017,1381.336,1380.2474856289382,1394.39249214314,1400.047235990788,1393.0612,1390.816,1408.1163
2024-11-14,1402.77,1404.24,1398.77,1388.221,1383.2894999999999,1382.6467370660444,1397.346744500198,1402.143617995394,1395.8119,1394.0411,1404.0726
2024-11-15,1397.42,1402.77,1399.328,1390.6570000000002,1385.24,1384.65906335944,1398.9737211501385,1402.456808997697,1395.2672,1396.0333,1402.602
2024-11-18,1394.28,1397.42,1401.8799999999999,1392.642,1386.557,1385.935157023496,1398.507604805097,1399.9384044988485,1392.2719,1396.3114,1397.256
2024-11-19,1392.83,1394.28,1401.398,1394.375,1387.7885,1386.7696413211465,1397.2393233635678,1397.1092022494242,1388.8777,1395.5741,1394.1206
2024-11-20,1399.51,1392.83,1398.3079999999998,1396.141,1388.4730000000002,1387.3756771890319,1395.9165263544974,1394.969601124712,1386.6996,1394.4424,1392.674
2024-11-21,1401.0,1399.51,1397.3619999999999,1398.066,1389.4875,1388.5891094701287,1396.9945684481481,1397.2398005623559,1388.4907,1394.751,1399.3503
2024-11-22,1405.49,1401.0,1397.008,1398.1680000000001,1390.4569999999999,1389.8301985231158,1398.1961979137036,1399.119900281178,1391.2915,1395.4102,1400.8372
2024-11-25,1401.03,1405.49,1398.622,1400.251,1391.626,1391.3961786708041,1400.3843385395924,1402.304950140589,1394.2612,1396.8462,1405.3221
2024-11-26,1396.69,1401.03,1399.972,1400.685,1392.2155,1392.3595608037238,1400.5780369777144,1401.6674750702946,1394.2247,1397.1957,1400.863
2024-11-27,1391.14,1396.69,1400.7440000000001,1399.526,1392.7715,1392.7926047233516,1399.4116258844,1399.1787375351473,1391.4888,1396.4786,1396.5271
2024-11-29,1396.99,1391.14,1399.0700000000002,1398.216,1393.2185000000002,1392.6273442510164,1396.93013811908,1395.1593687675736,1387.4207,1394.6234,1390.9836
2024-12-02,1406.13,1396.99,1398.268,1397.638,1394.1475,1393.063609825915,1396.948096683356,1396.074684383787,1387.1964,1394.1572,1396.8322
2024-12-03,1427.83,1406.13,1398.3960000000002,1398.509,1395.5755000000001,1394.3702488433235,1399.7026676783491,1401.1023421918935,1392.0553,1395.7654,1405.9641
2024-12-04,1412.16,1427.83,1403.7559999999999,1401.864,1398.1195,1397.7162239589911,1408.1408673748442,1414.4661710959467,1403.3768,1401.3486,1427.6431
2024-12-05,1415.88,1412.16,1406.85,1403.797,1399.9689999999998,1399.1606015630919,1409.346607162391,1413.3130855479735,1405.017,1403.2833,1411.9742
2024-12-06,1422.4,1415.88,1411.798,1405.434,1401.75,1400.8325414067826,1411.3066250136735,1414.5965427739868,1403.665,1405.0854,1415.6924
2024-12-09,1430.05,1422.4,1416.88,1407.574,1402.871,1402.9892872661044,1414.6346375095713,1418.4982713869936,1405.4231,1407.5876,1422.2063
2024-12-10,1432.6,1430.05,1421.6640000000002,1410.0300000000002,1405.1405,1405.695358539494,1419.2592462567,1424.2741356934966,1409.5767,1410.7897,1429.8473
2024-12-11,1428.5,1432.6,1422.618,1413.1870000000001,1406.936,1408.3858226855446,1423.2614723796898,1428.4370678467483,1412.9429,1413.6603,1432.3907
2024-12-12,1429.47,1428.5,1425.886,1416.368,1407.947,1410.3972404169901,1424.8330306657829,1428.4685339233743,1412.798,1415.1587,1428.2904
2024-12-13,1434.82,1429.47,1428.6039999999998,1420.201,1409.2085000000002,1412.3045163752913,1426.224121466048,1428.969266961687,1412.2003,1416.2927,1429.2596
2024-12-16,1437.86,1434.82,1431.088,1423.984,1410.8110000000001,1414.5560647377622,1428.8028850262335,1431.8946334808434,1413.7607,1417.8882,1434.6052
2024-12-17,1436.16,1437.86,1432.65,1427.157,1412.833,1416.886458263986,1431.5200195183634,1434.8773167404215,1415.9976,1419.5438,1437.6406
2024-12-18,1438.13,1436.16,1433.362,1427.99,1414.9270000000001,1418.8138124375873,1432.9120136628544,1435.5186583702107,1416.5515,1420.5391,1435.9395
2024-12-19,1446.06,1438.13,1435.288,1430.587,1417.192,1420.7454311938288,1434.477409563998,1436.8243291851054,1416.9806,1421.4917,1437.9075
2024-12-20,1444.52,1446.06,1438.606,1433.605,1419.5194999999999,1423.2768880744459,1437.9521866947985,1441.4421645925527,1419.7189,1423.2643,1445.8307
2024-12-23,1451.76,1444.52,1440.546,1435.817,1421.6955,1425.4011992670014,1439.9225306863589,1442.9810822962763,1421.0549,1424.4551,1444.2882
2024-12-24,1457.36,1451.76,1443.3260000000002,1437.9879999999998,1424.009,1428.0370793403013,1443.4737714804512,1447.3705411481383,1423.3394,1426.1952,1451.5217
2024-12-26,1467.66,1457.36,1447.566,1440.464,1426.8255,1430.969371406271,1447.6396400363158,1452.3652705740692,1426.3682,1428.2136,1457.1145
2024-12-27,1470.4,1467.66,1453.472,1444.3799999999999,1430.3740000000003,1434.638434265644,1453.645748025421,1460.0126352870348,1430.6267,1430.86,1467.4036
2024-12-30,1472.32,1470.4,1458.3400000000001,1448.473,1434.337,1438.2145908390796,1458.6720236177946,1465.2063176435174,1433.468,1433.1155,1470.136
2024-12-31,1477.86,1472.32,1463.9,1452.223,1438.1035,1441.6251317551717,1462.766416532456,1468.7631588217587,1434.823,1434.9048,1472.0509
