date,actual,Naive,seed_7,seed_17,seed_42,seed_67,seed_101,seed_202,seed_340,seed_512,seed_777,seed_1024
2024-01-03,1305.1,1300.52,1300.8082784361334,1300.8370252129516,1300.745100380569,1300.52,1300.8169403003499,1300.7760777225344,1300.7564742975635,1300.6975018890605,1300.877774788568,1300.52
2024-01-04,1310.39,1305.1,1305.370822052945,1305.3949848709917,1305.297350970986,1305.1,1305.376049632937,1305.33373767909,1305.3181138967823,1305.2627428192327,1305.438937813295,1305.1
2024-01-05,1315.62,1310.39,1310.639528508127,1310.6588174921962,1310.558501018247,1310.39,1310.642083340454,1310.6001153063432,1310.5877538483915,1310.5365196339562,1310.705344919383,1310.39
2024-01-08,1315.58,1315.62,1315.8450217703435,1315.8600166708477,1315.759297319493,1315.62,1315.8462402288378,1315.806050751078,1315.7963620407913,1315.749412083643,1315.9078018616415,1315.62
2024-01-09,1315.92,1315.58,1315.7902135691247,1315.8038819220744,1315.7089993799593,1315.58,1315.7942325169008,1315.7578359825186,1315.7459363596415,1315.7013054041436,1315.849633073285,1315.58
2024-01-10,1320.42,1315.92,1316.1197191040278,1316.1335053723155,1316.0438995415836,1315.92,1316.1266073250326,1316.0932667631646,1316.0795591051021,1316.036480701557,1316.176377424019,1315.92
2024-01-11,1313.04,1320.42,1320.6015503156711,1320.6148550963283,1320.5255833590543,1320.42,1320.6091853338178,1320.5774366290152,1320.5660774514379,1320.525632490445,1320.65579137123,1320.42
2024-01-12,1313.41,1313.04,1313.228605583405,1313.245555913267,1313.1661399330087,1313.04,1313.2432369116163,1313.215133756019,1313.1960118186787,1313.1542206575753,1313.2804490270876,1313.04
2024-01-16,1331.5,1313.41,1313.6006297967103,1313.6195846873213,1313.5416623013466,1313.41,1313.6166957615362,1313.588779305224,1313.5691464014187,1313.5270309731352,1313.652099841822,1313.41
2024-01-17,1344.23,1331.5,1331.6453699594088,1331.6599718087857,1331.5671920902014,1331.5,1331.6543216988316,1331.6243515503797,1331.620391560273,1331.5848499120925,1331.6959065080935,1331.5
2024-01-18,1338.73,1344.23,1344.3115974140146,1344.3233005113282,1344.2267278493657,1344.23,1344.32156126009,1344.2978013194486,1344.3041196163188,1344.275937850496,1344.3580167521413,1344.23
2024-01-19,1338.53,1338.73,1338.7864028367587,1338.8029011578244,1338.7230921264388,1338.73,1338.8100153832274,1338.795934326594,1338.793860981898,1338.7674282935911,1338.8256195129788,1338.73
2024-01-22,1338.25,1338.53,1338.5678409972747,1338.5898125552874,1338.5216280109898,1338.53,1338.6013682584282,1338.5935661935525,1338.5875525113058,1338.5623972391625,1338.6026849797045,1338.53
2024-01-23,1333.76,1338.25,1338.2746639582342,1338.303002944508,1338.2420996723424,1338.25,1338.317005390916,1338.312996269418,1338.3044081022879,1338.2799504958955,1338.3062849214205,1338.25
2024-01-24,1337.74,1333.76,1333.7883684651083,1333.8234187993799,1333.7693447905501,1333.76,1333.8391506707476,1333.836733406315,1333.8226621759597,1333.7972415943057,1333.8174247696895,1333.76
2024-01-25,1336.0,1337.74,1337.756881545915,1337.7959016965715,1337.7400589576691,1337.74,1337.8105625036173,1337.8081255866284,1337.7971201550658,1337.772741158899,1337.785721672376,1337.74
2024-01-26,1336.08,1336.0,1336.0146902858805,1336.0580831303275,1336.003802769656,1336.0,1336.0733629928989,1336.0714566949318,1336.0587611435221,1336.0342347531823,1336.042085949449,1336.0
2024-01-29,1335.5,1336.08,1336.0922435426135,1336.1386432281838,1336.084677308414,1336.08,1336.153864133086,1336.1520266190662,1336.139154194649,1336.114706414535,1336.1190791083254,1336.08
2024-01-30,1328.93,1335.5,1335.5120863221625,1335.5608934458874,1335.507222314463,1335.5,1335.5760750456768,1335.574129442597,1335.5606772677672,1335.5360820934804,1335.5384600528002,1335.5
2024-01-31,1334.9,1328.93,1328.9617388785246,1329.0129436141253,1328.9628983793498,1328.93,1329.028508438764,1329.025629339257,1329.0063403551878,1328.979514615754,1328.987719558035,1328.93
2024-02-01,1331.78,1334.9,1334.9254991918797,1334.9758195624443,1334.9190924585057,1334.9,1334.9885249401323,1334.983356317809,1334.9700417108738,1334.944208425536,1334.953494258417,1334.9
2024-02-02,1321.9,1331.78,1331.8120336668699,1331.8628944827344,1331.8065506036448,1331.78,1331.8759143013242,1331.8702248862573,1331.854836934626,1331.8282175470338,1331.8396946399491,1331.78
2024-02-05,1330.98,1321.9,1321.9651482243398,1322.0167754899023,1321.9658065849778,1321.9,1322.030168707063,1322.02327065978,1321.999324019853,1321.9690394304994,1321.9933299901627,1321.9
2024-02-06,1326.83,1330.98,1331.0389576690857,1331.0870671270595,1331.025348273805,1330.98,1331.095881298588,1331.0849348246943,1331.0701757548666,1331.0412766707364,1331.0705393271592,1330.98
2024-02-07,1327.37,1326.83,1326.8989411677173,1326.9461073029859,1326.8844081022878,1326.83,1326.9552457416942,1326.943503339268,1326.9263171787295,1326.8962880726085,1326.9306014360163,1326.83
2024-02-08,1328.07,1327.37,1327.4436872600788,1327.4887603980947,1327.4252433359331,1327.37,1327.4969849929323,1327.4840929159589,1327.467761641622,1327.4374868785467,1327.4764284189778,1327.37
2024-02-09,1333.1,1328.07,1328.1451808543623,1328.188337868133,1328.1229931182297,1328.07,1328.1959630600015,1328.18230453333,1328.1670836284277,1328.1368285179085,1328.1786295052902,1328.07
2024-02-12,1331.37,1333.1,1333.161915378818,1333.2026551281563,1333.133350388146,1333.1,1333.2097005696119,1333.1960322166622,1333.1854984464524,1333.1569629346147,1333.1957079494823,1333.1
2024-02-13,1327.88,1331.37,1331.4292328048746,1331.4696875921456,1331.4031636888606,1331.37,1331.4784821111175,1331.4664743991805,1331.4541031149506,1331.425724823564,1331.4617970907664,1331.37
2024-02-14,1335.06,1327.88,1327.9474377471558,1327.9882561067195,1327.9259476767743,1327.88,1327.9981904739604,1327.9870573007815,1327.9709323782865,1327.9415518065255,1327.979432108913,1327.88
2024-02-15,1333.84,1335.06,1335.1110769939844,1335.1502936702045,1335.083239147898,1335.06,1335.1588621847784,1335.1475324860357,1335.1376865552984,1335.1103301968428,1335.1438083266053,1335.06
2024-02-16,1334.96,1333.84,1333.884965048956,1333.9249973062651,1333.8603109169999,1333.84,1333.9352755932423,1333.9257146245723,1333.914571625115,1333.887627970343,1333.916202787293,1333.84
2024-02-20,1337.25,1334.96,1334.997143331524,1335.0378634283059,1334.9748082012188,1334.96,1335.0490653854322,1335.04102748988,1335.0301203210993,1335.0039038109126,1335.0275360099376,1334.96
2024-02-21,1334.95,1337.25,1337.2748310049633,1337.3165337295632,1337.2541859945052,1337.25,1337.3285021363874,1337.3221445344045,1337.312672002238,1337.2875756877638,1337.3043491446188,1337.25
2024-02-22,1328.71,1334.95,1334.9737009829726,1335.0176146201632,1334.9592760066027,1334.95,1335.0312043628874,1335.026507401917,1335.014234380469,1334.9889513667092,1335.0017157020663,1334.95
2024-02-23,1328.71,1328.71,1328.7510836690747,1328.7974145706978,1328.7443919736334,1328.71,1328.8119181572927,1328.8072211963222,1328.788796924733,1328.7614503925554,1328.7784596800866,1328.71
2024-02-26,1330.86,1328.71,1328.7611654304883,1328.807850078126,1328.7529310093726,1328.71,1328.8204277141974,1328.8135198406362,1328.7954591413397,1328.7671692864567,1328.790093993453,1328.71
2024-02-27,1330.86,1330.86,1330.911538829059,1330.9575651160585,1330.898076827951,1330.86,1330.9682659329976,1330.9593436724092,1330.9441718988978,1330.916049090744,1330.9417742870216,1330.86
2024-02-28,1336.02,1330.86,1330.912413367817,1330.9578500781258,1330.8965734073893,1330.86,1330.968128365103,1330.958459307373,1330.9439262419432,1330.9158034337895,1330.9430025717943,1330.86
2024-02-29,1336.19,1336.02,1336.0577525607712,1336.1017153293526,1336.036508147344,1336.02,1336.1113843870828,1336.101902028638,1336.0921641869609,1336.0657904563232,1336.0886856844847,1336.02
2024-03-01,1334.8,1336.19,1336.218397943943,1336.2625768906446,1336.1990401759265,1336.19,1336.2738181528835,1336.266291223797,1336.2563765091122,1336.2308085332854,1336.2480339989368,1336.19
2024-03-04,1331.29,1334.8,1334.8262656415777,1334.8714468686535,1334.8115262243061,1334.8,1334.8842210302887,1334.8784136998838,1334.8664354667812,1334.8408871435108,1334.8547127169115,1334.8
2024-03-05,1336.51,1331.29,1331.3249324189333,1331.3715679351799,1331.315518844436,1331.29,1331.3851871567388,1331.37983183513,1331.364129442597,1331.3374805761703,1331.35277026502,1331.29
2024-03-06,1333.99,1336.51,1336.534064555265,1336.580326672941,1336.5205141176536,1336.51,1336.5925702155544,1336.5867628851495,1336.5757378010305,1336.5503663507673,1336.5627671138316,1336.51
2024-03-07,1324.3,1333.99,1334.0153223188722,1334.0629011578244,1334.0051914260678,1333.99,1334.0762059384815,1334.0711159263838,1334.0578602771177,1334.032144907118,1334.0430422496208,1333.99
2024-03-08,1319.28,1324.3,1324.3546242804077,1324.4040209808234,1324.3529636393953,1324.3,1324.418328041855,1324.41273688957,1324.3905589797155,1324.361532153969,1324.3820789016454,1324.3
2024-03-11,1312.55,1319.28,1319.366186285925,1319.4154257658897,1319.3642996405142,1319.28,1319.427109210647,1319.4180886872768,1319.3923340121646,1319.3599662518366,1319.3965887906168,1319.28
2024-03-12,1310.82,1312.55,1312.6740469357562,1312.7225985762482,1312.6699198989202,1312.55,1312.730891955033,1312.717744394827,1312.6882066026149,1312.6515349324436,1312.7085371721712,1312.55
2024-03-13,1314.67,1310.82,1310.9718356504518,1311.0179896790678,1310.958707742802,1310.82,1311.0214387027092,1311.0030832150674,1310.9747344025152,1310.9350362386642,1311.011268504792,1310.82
2024-03-14,1318.2,1314.67,1314.8301192029585,1314.8718808852275,1314.801681953903,1314.67,1314.870760689515,1314.8470597065425,1314.8247540550717,1314.7846824926498,1314.87332534812,1314.67
2024-03-15,1329.35,1318.2,1318.3578984640897,1318.3947077021555,1318.3166379220079,1318.2,1318.3916910347539,1318.3651207785526,1318.3477184398942,1318.3085312425085,1318.4028045553764,1318.2
2024-03-18,1333.59,1329.35,1329.4783115404866,1329.5082718626604,1329.4201989313246,1329.35,1329.5044789192825,1329.4769358615413,1329.4697921573038,1329.4350759164904,1329.523188152939,1329.35
2024-03-19,1338.28,1333.59,1333.689058710342,1333.7152653942505,1333.62813578562,1333.59,1333.7151081737998,1333.691554585,1333.6873292853822,1333.6561308521577,1333.73131170652,1333.59
2024-03-20,1339.02,1338.28,1338.3465435558412,1338.3713254294137,1338.2888338240846,1338.28,1338.3753345509115,1338.3576374239076,1338.3553970324824,1338.3276574491777,1338.385573532776,1338.28
2024-03-21,1322.11,1339.02,1339.062636221027,1339.0894717867393,1339.0156273062094,1339.02,1339.0981385640948,1339.086749907683,1339.0825737394562,1339.0568485431786,1339.0977848180803,1339.02
2024-03-22,1338.14,1322.11,1322.186025914286,1322.2196317856647,1322.1644474074005,1322.11,1322.2335064904562,1322.2258321671968,1322.203949045688,1322.1737921979507,1322.2172931314576,1322.11
2024-03-25,1342.61,1338.14,1338.1871268301559,1338.2199564255584,1338.1539238361825,1338.14,1338.2291538219358,1338.2194258065367,1338.2112896482029,1338.1847685233924,1338.2208800957073,1338.14
2024-03-26,1344.0,1342.61,1342.6261838801638,1342.6614503925553,1342.5937866410013,1342.61,1342.6721512094944,1342.6654889928877,1342.6616763969535,1342.6379262825901,1342.6578146696284,1342.61
2024-03-27,1348.58,1344.0,1343.9911268708026,1344.0303631995791,1343.967799286401,1344.0,1344.0443951248214,1344.0428229203126,1344.0387253623112,1344.0169011984713,1344.0195935986928,1344.0
2024-03-28,1346.01,1348.58,1348.5384544958508,1348.5824860483797,1348.524235871323,1348.58,1348.59912193734,1348.6033177581232,1348.6013918075998,1348.582063518418,1348.5643762176921,1348.58
2024-03-29,1347.08,1346.01,1345.9541572610976,1346.0054013018114,1345.9560537327866,1346.01,1346.025751523924,1346.0348604837977,1346.0285028818148,1346.0096069488727,1345.9762369081702,1346.01
2024-04-01,1348.75,1347.08,1347.0089363561954,1347.0667050456211,1347.022162526627,1347.08,1347.0886667773555,1347.1009594513598,1347.0938059208443,1347.0756960901567,1347.029119531579,1347.08
2024-04-02,1351.37,1348.75,1348.6617895007696,1348.7261417965767,1348.6843801143077,1348.75,1348.749184418911,1348.7642186245278,1348.7574679714176,1348.7402916371573,1348.6804496030352,1348.75
2024-04-03,1348.5,1351.37,1351.2601618624933,1351.3312255062979,1351.2915076898905,1351.37,1351.3553097141194,1351.3735472864232,1351.3681919648145,1351.3523225255524,1351.2774757646482,1351.37
2024-04-04,1346.87,1348.5,1348.384551057652,1348.4626994480252,1348.42831730067,1348.5,1348.4887980428737,1348.5092072226555,1348.5001277416163,1348.484042124234,1348.39941821654,1348.5
2024-04-05,1352.58,1346.87,1346.7546886255466,1346.8382611214754,1346.806748247349,1346.87,1346.8649394667368,1346.8856729136985,1346.8742842572867,1346.857785936221,1346.7686419405634,1346.87
2024-04-08,1353.2,1352.58,1352.4437488267429,1352.5316940164623,1352.49735117422,1352.58,1352.5573799076274,1352.5793907707528,1352.5730626476043,1352.5581463573255,1352.4586552907435,1352.58
2024-04-09,1354.8,1353.2,1353.047407726128,1353.1411504199743,1353.1085861340828,1353.2,1353.1680449433557,1353.1926892490335,1353.1865674777266,1353.1724471159807,1353.060928684905,1353.2
2024-04-10,1349.05,1354.8,1354.6295140735606,1354.7291721868717,1354.6990939493598,1354.8,1354.7572556899129,1354.7849756206613,1354.7793942946546,1354.7662172556138,1354.6420032731287,1354.8
2024-04-11,1364.19,1349.05,1348.8870999603164,1348.9922607894086,1348.9683436283162,1349.05,1349.0223979845896,1349.0507762759762,1349.03892578449,1349.024530286955,1348.8971129377826,1349.05
2024-04-12,1374.74,1364.19,1363.97527616919,1364.085399268764,1364.0548002385085,1364.19,1364.1132469411286,1364.1464892402148,1364.148130228671,1364.1377929840246,1363.988964174696,1364.19
2024-04-15,1383.63,1374.74,1374.4498005264822,1374.5731596227658,1374.5447420262665,1374.74,1374.6030020296014,1374.6494508465626,1374.6598175700435,1374.6537744089621,1374.46293826041,1374.74
2024-04-16,1393.92,1383.63,1383.2487502328577,1383.3948178580174,1383.3776415237571,1383.63,1383.4288069542454,1383.4947314545614,1383.5100407959671,1383.508085366609,1383.2598735797585,1383.63
2024-04-17,1385.88,1393.92,1393.4256399447167,1393.6064041581335,1393.605067784301,1393.92,1393.6442746342427,1393.735462495762,1393.7555670609202,1393.7578074523453,1393.4358003163559,1393.92
2024-04-18,1373.42,1385.88,1385.3309665329182,1385.5519398766512,1385.5767610553362,1385.88,1385.5978875534252,1385.7042668410122,1385.7104967013788,1385.712619177466,1385.3321653388562,1385.88
2024-04-19,1376.72,1373.42,1372.8740126791542,1373.1257324473154,1373.1704911444297,1373.42,1373.1780966837416,1373.2848493698993,1373.273971679953,1373.2737358492768,1372.8681070859675,1373.42
2024-04-22,1381.84,1376.72,1376.154232381176,1376.4291519921223,1376.4746476601001,1376.72,1376.4804353379486,1376.5855765144847,1376.5764773808892,1376.5763398129945,1376.1529647912905,1376.72
2024-04-23,1379.27,1381.84,1381.2353301458575,1381.5340588288364,1381.5760465155035,1381.84,1381.583455529252,1381.6905226563115,1381.6866609289864,1381.6876926881953,1381.23882830089,1381.84
2024-04-24,1369.86,1379.27,1378.6458151573902,1378.9665448772162,1379.0107336501958,1379.27,1379.0168849003371,1379.124787261042,1379.1181840021045,1379.119078193419,1378.6493034861444,1379.27
2024-04-25,1369.86,1369.86,1369.2588086483336,1369.5919686100583,1369.6403728563776,1369.86,1369.6444507618228,1369.7463689191154,1369.730322606846,1369.7290648432388,1369.2599386703243,1369.86
2024-04-26,1375.1,1369.86,1369.272368912223,1369.610147224693,1369.6533926749673,1369.86,1369.660752557325,1369.7558217987255,1369.7407777668304,1369.7388026849162,1369.277960064508,1369.86
2024-04-29,1377.35,1375.1,1374.5003415477297,1374.8424729014337,1374.8771007057435,1375.1,1374.890100871777,1374.9828707640831,1374.9746363429674,1374.9735554523675,1374.511818640645,1375.1
2024-04-30,1381.92,1377.35,1376.733253649973,1377.0815460800966,1377.1128624286591,1377.35,1377.1283584693506,1377.2223762989859,1377.2172666343317,1377.2169718459863,1376.747216791268,1377.35
2024-05-01,1386.95,1381.92,1381.2707384954724,1381.6283364110334,1381.659171271965,1381.92,1381.6747754017165,1381.7740306376222,1381.773097141195,1381.774236989464,1381.287816566951,1381.92
2024-05-02,1375.39,1386.95,1386.2537492332112,1386.6265975325089,1386.6603409717823,1386.95,1386.673311658981,1386.7816365496478,1386.784427212651,1386.7872768333236,1386.273617967693,1386.95
2024-05-03,1363.04,1375.39,1374.707967857739,1375.092293249952,1375.13800509605,1375.39,1375.1437927738984,1375.2518818338888,1375.2415544155206,1375.2423699966096,1374.7214102062906,1375.39
2024-05-06,1358.81,1363.04,1362.4182127692663,1362.798833654605,1362.8497829069734,1363.04,1362.8526227013676,1362.9501386860352,1362.9272729367083,1362.924541231374,1362.4282159204545,1363.04
2024-05-07,1359.45,1358.81,1358.2492241304917,1358.6147321999883,1358.657555120301,1358.81,1358.6655340581838,1358.7491360329473,1358.7245998163294,1358.719264147277,1358.262332385585,1358.81
2024-05-08,1359.45,1359.45,1358.9341105692224,1359.2799562560788,1359.3085703781417,1359.45,1359.3259432379657,1359.397802810303,1359.3777473765356,1359.3712816854925,1358.9516504757753,1359.45
2024-05-09,1369.74,1359.45,1358.9712047693554,1359.2961696150774,1359.3129528982104,1359.45,1359.3386289630973,1359.402096893868,1359.3855690939677,1359.3783959108955,1358.9908081943265,1359.45
2024-05-10,1367.77,1369.74,1369.2508871772654,1369.558999955907,1369.5634119548104,1369.74,1369.5976958393835,1369.6609377657562,1369.6564471566276,1369.6516322803188,1369.2748043383579,1369.74
2024-05-13,1367.91,1367.77,1367.2872939106394,1367.583025578773,1367.588341595269,1367.77,1367.6231167937513,1367.6883534545946,1367.6827033446405,1367.6780260362264,1367.3071921239557,1367.77
2024-05-14,1368.77,1367.91,1367.4328457578117,1367.7177095622772,1367.725413364371,1367.91,1367.7588030576298,1367.826034452944,1367.8198930290807,1367.8154417250648,1367.4502480964702,1367.91
2024-05-15,1360.15,1368.77,1368.2945457039368,1368.5712733500686,1368.5808146661823,1368.77,1368.6129564221121,1368.6821727256188,1368.6763162638229,1368.672140095596,1368.3100024395155,1368.77
2024-05-16,1345.15,1360.15,1359.71120754783,1359.978983454539,1359.9938407871487,1360.15,1360.0226809136095,1360.08885107088,1360.0743966156758,1360.0680586662493,1359.72152513992,1360.15
2024-05-17,1354.83,1345.15,1344.7958609343589,1345.0460576294022,1345.0637744089622,1345.15,1345.09004005054,1345.1453619966987,1345.1174848454993,1345.1062042781477,1344.8021300998385,1345.15
2024-05-20,1356.0,1354.83,1354.4975770091387,1354.728514198947,1354.7294968267652,1354.83,1354.7654216997948,1354.8118999955907,1354.7959617723811,1354.785260955442,1354.51123553581,1354.83
2024-05-21,1363.54,1356.0,1355.683878804641,1355.8996245683816,1355.8912624056497,1356.0,1355.934016542015,1355.9763874535313,1355.9646253985486,1355.9539835392786,1355.698117081725,1356.0
2024-05-22,1362.36,1363.54,1363.2084908530096,1363.4136831939838,1363.3984328102472,1363.54,1363.4464636579955,1363.4905345156371,1363.4869675766574,1363.478477672309,1363.2244192499409,1363.54
2024-05-23,1362.38,1362.36,1362.0244031212862,1362.2242794457648,1362.2120850345423,1362.36,1362.2590153391343,1362.306407478801,1362.3015434711015,1362.2934564441587,1362.037481897545,1362.36
2024-05-24,1369.02,1362.38,1362.041396280163,1362.23771549194,1362.2293336766518,1362.38,1362.2739056744804,1362.3240884771506,1362.3182123627982,1362.3104102979228,1362.0526768475147,1362.38
2024-05-28,1357.65,1369.02,1368.6529295522728,1368.8496025100642,1368.841603919625,1369.02,1368.8858418239956,1368.9414585584998,1368.940927939478,1368.9350714776822,1368.664839001428,1369.02
2024-05-29,1365.07,1357.65,1357.3084778755433,1357.505710931191,1357.50793167006,1357.65,1357.5458709301167,1357.601340270448,1357.5888608971582,1357.5806756074335,1357.3138725022645,1357.65
2024-05-30,1365.07,1365.07,1364.7145049079697,1364.9108241197468,1364.9098218393724,1365.07,1364.9490188630361,1365.0052448267875,1364.9992213182627,1364.9923724023704,1364.7230537699872,1365.07
2024-05-31,1385.43,1365.07,1364.7058381306142,1364.9045647805456,1364.9043977338165,1365.07,1364.9432901428568,1365.0012848366805,1364.9953497646593,1364.988805463391,1364.7131980129718,1365.07
2024-06-03,1375.91,1385.43,1384.9753774136807,1385.1854435886328,1385.1795871268369,1385.43,1385.2215846397823,1385.2938274369685,1385.3062282000328,1385.3052652247711,1384.9893896863666,1385.43
2024-06-04,1375.96,1375.91,1375.4299764845828,1375.659429906386,1375.6705434270086,1375.91,1375.7022823055331,1375.7840565925549,1375.784823042253,1375.7833097954133,1375.4352237171315,1375.91
2024-06-05,1372.58,1375.96,1375.4549587803342,1375.700900696925,1375.7223416359157,1375.96,1375.7464356700154,1375.8340271137204,1375.8315017602279,1375.8303619119588,1375.4591742536738,1375.96
2024-06-06,1365.45,1372.58,1372.0677266395928,1372.3283097106732,1372.3567666122854,1372.58,1372.3757804605655,1372.4646984518247,1372.4571911752946,1372.4553536612748,1372.0702225142509,1372.58
2024-06-07,1366.38,1365.45,1364.9593935829819,1365.2279261131107,1365.2604019624987,1365.45,1365.2767135842792,1365.360993572237,1365.3460281505675,1365.3422646860242,1364.9599045494474,1365.45
2024-06-10,1375.71,1366.38,1365.899268992554,1366.1702482659498,1366.1979681966982,1366.38,1366.2169722187,1366.296152368282,1366.282896719016,1366.2786714193983,1365.9029243680372,1366.38
2024-06-11,1375.71,1375.71,1375.1978445549312,1375.4742184550482,1375.4933010872758,1375.71,1375.517709562277,1375.5985307003155,1375.5954354226885,1375.5933325991577,1375.2072384768721,1375.71
2024-06-12,1378.01,1375.71,1375.1763544845494,1375.4616801240895,1375.482079477593,1375.71,1375.506075248911,1375.5907089828834,1375.5877414468728,1375.586287157702,1375.1850409144613,1375.71
2024-06-13,1376.11,1378.01,1377.4492143042137,1377.744936146069,1377.7683816458089,1378.01,1377.7901763308141,1377.8799099031626,1377.8780625628644,1377.877590901512,1377.458745794049,1378.01
2024-06-14,1378.96,1376.11,1375.5355262987075,1375.8424206188547,1375.8713786606538,1376.11,1375.8894491862286,1375.9823075150387,1375.97738454967,1375.97684410437,1375.544026029334,1376.11
2024-06-17,1380.5,1378.96,1378.3602629375043,1378.6792730586487,1378.7104125342041,1378.96,1378.7264686727517,1378.8231199449394,1378.8198477943054,1378.820103277538,1378.370944101887,1378.96
2024-06-18,1380.88,1380.5,1379.8740464273176,1380.2065087232916,1380.240527298354,1380.5,1380.254264435251,1380.3552490961165,1380.3525370433385,1380.3534410609313,1379.8858084823003,1380.5
2024-06-20,1384.38,1380.88,1380.2311806779906,1380.5776454203726,1380.6155257227601,1380.88,1380.6263444550373,1380.7312203220624,1380.7277516458646,1380.7290585408628,1380.2435126571077,1380.88
2024-06-21,1388.17,1384.38,1383.696975403643,1384.0589558392724,1384.0992632323705,1384.38,1384.1077138316061,1384.2181415458035,1384.2169034347528,1384.2192617415162,1383.711813083696,1384.38
2024-06-24,1389.17,1388.17,1387.4427571518286,1387.8243704912636,1387.8681367342815,1388.17,1387.8733446617175,1387.9915351356779,1387.992635678834,1387.9962910543175,1387.4600907065396,1388.17
2024-06-25,1387.16,1389.17,1388.4025676740685,1388.8066635379816,1388.8567382515917,1389.17,1388.856875819486,1388.9826521802022,1388.9828880108785,1388.9872901835035,1388.4208642040414,1389.17
2024-06-26,1388.65,1387.16,1386.3679037158342,1386.7934405187382,1386.8509242460966,1387.16,1386.8455984033226,1386.975678673882,1386.971983993286,1386.9763272082419,1386.3861216355817,1387.16
2024-06-27,1385.76,1388.65,1387.8278746097133,1388.2746558260444,1388.3358145814427,1388.65,1388.3271871091997,1388.4610406705806,1388.457365642541,1388.462141213737,1387.8493352012606,1388.65
2024-06-28,1376.55,1385.76,1384.9259455080016,1385.3908660338548,1385.456210783758,1385.76,1385.4447140382863,1385.579058913576,1385.571610594715,1385.575914504558,1384.9478188032324,1385.76
2024-07-01,1383.0,1376.55,1375.7453752111535,1376.218186238386,1376.2874909783961,1376.55,1376.27445150725,1376.4014365001824,1376.3846630433275,1376.3867953456927,1375.7645561061627,1376.55
2024-07-02,1386.55,1383.0,1382.187641930225,1382.6632337941828,1382.7246382065355,1383.0,1382.7163743065853,1382.840185411665,1382.8307620108897,1382.8336902417875,1382.214565932441,1383.0
2024-07-03,1384.85,1386.55,1385.7169870934888,1386.2000272763075,1386.2565676809606,1386.55,1386.2514580163065,1386.3766448003319,1386.371928186805,1386.3757211301827,1385.7478612595332,1386.55
2024-07-05,1379.87,1384.85,1384.0090867658312,1384.499673530293,1384.5575503087787,1384.85,1384.5518510674337,1384.6780597843897,1384.6717120086848,1384.67546564695,1384.0400591946575,1384.85
2024-07-08,1382.73,1379.87,1379.0437672254336,1379.5373018733496,1379.598038098786,1379.87,1379.591031962443,1379.7142436645538,1379.702746919082,1379.7054196667473,1379.0735899797128,1379.87
2024-07-09,1383.39,1382.73,1381.9002788966793,1382.3953267914353,1382.452928434132,1382.73,1382.447769638087,1382.5696154875307,1382.5612533247986,1382.5642405133658,1381.93452347614,1382.73
2024-07-10,1383.42,1383.39,1382.5560830758961,1383.0530962262883,1383.1089193126343,1383.39,1383.1050281064745,1383.2267265617456,1383.2195730312299,1383.2227174402478,1382.5919882963694,1383.39
2024-07-11,1370.85,1383.42,1382.5840883414255,1383.0818384626812,1383.1374257183506,1383.42,1383.1337801691457,1383.2557341076492,1383.2487377975845,1383.2519509905496,1382.6205634860332,1383.42
2024-07-12,1374.9,1370.85,1370.0691744569076,1370.5582676270858,1370.6184044495533,1370.85,1370.6132063483956,1370.7265622934908,1370.7074993138199,1370.707774449609,1370.0986631177286,1370.85
2024-07-15,1382.97,1374.9,1374.1417355916112,1374.6167084000435,1374.6685125386134,1374.9,1374.668650106508,1374.775353661275,1374.7616361769342,1374.7619014864451,1374.1760489550193,1374.9
2024-07-16,1384.99,1382.97,1382.1967308648289,1382.663990044889,1382.706400261518,1382.97,1382.712580990494,1382.8203359570261,1382.8163464880847,1382.8182822648862,1382.23567240526,1382.97
2024-07-17,1380.61,1384.99,1384.2001834123723,1384.665575599578,1384.7076320701924,1384.99,1384.7141567189046,1384.8266282989637,1384.824957831673,1384.827846757458,1384.2381718038198,1384.99
2024-07-18,1383.85,1380.61,1379.827838083075,1380.2911470993065,1380.3389421163786,1380.61,1380.3420177414491,1380.455933784401,1380.4490848685089,1380.4513645650468,1379.861276907725,1380.61
2024-07-19,1389.29,1383.85,1383.0579823260596,1383.5202497568039,1383.5688505286869,1383.85,1383.5707764792103,1383.6873161384362,1383.6828353555857,1383.6857635864837,1383.0925904778128,1383.85
2024-07-22,1388.71,1389.29,1388.4671081600152,1388.934347687519,1388.9831842900783,1389.29,1388.983990044889,1389.1071329630527,1389.1073491411726,1389.1116923561285,1388.5034653892847,1389.29
2024-07-23,1385.78,1388.71,1387.8665908911735,1388.3426544164836,1388.3970133873806,1388.71,1388.3936724527991,1388.5226325276458,1388.5210210180242,1388.5256983264383,1387.9005701611231,1388.71
2024-07-24,1379.4,1385.78,1384.9318546250902,1385.4158970882834,1385.4766431399978,1385.78,1385.4688410751223,1385.5999236260561,1385.5938706386967,1385.5981548959835,1384.963180799931,1385.78
2024-07-25,1380.57,1379.4,1378.5742388867864,1379.060629830465,1379.1259549278118,1379.4,1379.1156373357219,1379.2425535447069,1379.229474768448,1379.2322359526167,1378.6021160379858,1379.4
2024-07-26,1383.11,1380.57,1379.754114296358,1380.238952688084,1380.300868066902,1380.57,1380.292771213681,1380.4155898646645,1380.4041717294183,1380.4066970829108,1379.784418538268,1380.57
2024-07-29,1381.93,1383.11,1382.2907635354984,1382.7754447067734,1382.8326041669518,1383.11,1382.827661549027,1382.9491733050124,1382.9413024561895,1382.9442208608093,1382.3235833046226,1383.11
2024-07-30,1384.98,1381.93,1381.113721245231,1381.5989035566931,1381.654932994881,1381.93,1381.651130225225,1381.7715021329414,1381.7630810125404,1381.7658225441528,1381.1462855311227,1381.93
2024-07-31,1369.29,1384.98,1384.1529025129537,1384.6389298843394,1384.6929547617783,1384.98,1384.6902427090004,1384.8120689058876,1384.8068020207827,1384.810241218146,1384.1876285800452,1384.98
2024-08-01,1368.5,1369.29,1368.525977392597,1369.0030431982818,1369.0634158514256,1369.29,1369.058286534215,1369.1708367244996,1369.1504177184397,1369.1503587607706,1368.5510737070713,1369.29
2024-08-02,1359.38,1368.5,1367.784401291473,1368.242806994892,1368.2961047277454,1368.5,1368.295800113122,1368.39747261346,1368.377859362211,1368.3764247255965,1367.8120131331614,1368.5
2024-08-05,1367.68,1359.38,1358.7435028308296,1359.1751810575965,1359.2212859548215,1359.38,1359.2266707552646,1359.3141049785188,1359.2889988377665,1359.2843706607432,1358.7679800897783,1359.38
2024-08-06,1377.4,1367.68,1367.0694736840617,1367.4741689509437,1367.5033529971413,1367.68,1367.5198709707633,1367.599198514518,1367.585500682734,1367.5817372181907,1367.0999744515354,1367.68
2024-08-07,1374.98,1377.4,1376.7734765031832,1377.1612214402032,1377.1788203044252,1377.4,1377.203572699163,1377.2849637613358,1377.2831655524287,1377.2818586574306,1376.8069939380584,1377.4
2024-08-08,1376.94,1374.98,1374.3564931705846,1374.7332621548765,1374.753759771162,1374.98,1374.7775688431943,1374.8624187552869,1374.858517722849,1374.8573877008582,1374.3850385087003,1374.98
2024-08-09,1363.71,1376.94,1376.3094870342418,1376.6795839756487,1376.7032554797865,1376.94,1376.724833986672,1376.813899372104,1376.8108139207552,1376.8103913907935,1376.3367451299157,1376.94
2024-08-12,1369.87,1363.71,1363.132676678035,1363.4907953863396,1363.5232712357276,1363.71,1363.5397302516806,1363.6241281549767,1363.6074922660164,1363.6039842847058,1363.1510026868425,1363.71
2024-08-13,1367.28,1369.87,1369.304566474634,1369.6483977744633,1369.674624110928,1369.87,1369.6943552775156,1369.7755301615682,1369.7652715271474,1369.7622941648585,1369.3262039391884,1369.87
2024-08-14,1355.35,1367.28,1366.737864580201,1367.0693245958005,1367.0931041889985,1367.28,1367.1148399163346,1367.1928212599787,1367.1814227772888,1367.1776593127454,1366.7566917291956,1367.28
2024-08-15,1363.21,1355.35,1354.875646247093,1355.1883085925324,1355.213532648623,1355.35,1355.2347279306593,1355.303904929053,1355.2821200703258,1355.274956713532,1354.88862676057,1355.35
2024-08-16,1354.34,1363.21,1362.7527144922935,1363.0459601120474,1363.0589897569153,1363.21,1363.087535095031,1363.1509931995236,1363.1386513941281,1363.1322446607542,1362.7704214455755,1363.21
2024-08-19,1334.21,1354.34,1353.9361006616505,1354.209565983426,1354.2202962791996,1354.34,1354.2509739196805,1354.3075634557247,1354.289109705301,1354.2801776184344,1353.9492383955783,1354.34
2024-08-20,1331.78,1334.21,1333.9228564989965,1334.1664008037112,1334.1786443463247,1334.21,1334.2072584683876,1334.2506414865563,1334.2154535843904,1334.199731539301,1333.9313365770668,1334.21
2024-08-21,1333.74,1331.78,1331.5812242186778,1331.7906713381044,1331.7875858867556,1331.78,1331.8232552765526,1331.8511127751954,1331.8181652644548,1331.798355487642,1331.5960324198963,1331.78
2024-08-22,1343.23,1333.74,1333.5983935051345,1333.7770450687422,1333.7544642814823,1333.74,1333.8015714590817,1333.8168316690967,1333.7912931721046,1333.7696065761593,1333.6189206002543,1333.74
2024-08-23,1327.56,1343.23,1343.099674072486,1343.2526102660943,1343.2111433721707,1343.23,1343.2714767202017,1343.280241760339,1343.2674970775386,1343.2476381693348,1343.1242888993295,1343.23
2024-08-26,1328.53,1327.56,1327.4949598647204,1327.626799039074,1327.589596749881,1327.56,1327.6472475239686,1327.6527600660281,1327.6279290610648,1327.603441975838,1327.516872465064,1327.56
2024-08-27,1330.9,1328.53,1328.504530286955,1328.615862018745,1328.571751855991,1328.53,1328.6320852040217,1328.6317904156763,1328.6094651116493,1328.5831798175152,1328.5301768730071,1328.53
2024-08-28,1335.15,1330.9,1330.8956666113222,1330.9903722804302,1330.937516730095,1330.9,1331.0031759209,1330.9983217394786,1330.9805460022492,1330.9537988730408,1330.9238975085361,1330.9
2024-08-29,1332.02,1335.15,1335.1485064057165,1335.2301824299566,1335.17020282794,1335.15,1335.2412664717447,1335.2344568609653,1335.222065924179,1335.1963407279013,1335.1780343716503,1335.15
2024-08-30,1336.0,1332.02,1332.032164932388,1332.104781128145,1332.0461280736831,1332.02,1332.116887102864,1332.110195407423,1332.0955051215424,1332.0690724332355,1332.0610247114055,1332.02
2024-09-03,1339.79,1336.0,1336.0092072226555,1336.0740803112062,1336.012823293026,1336.0,1336.0856065355124,1336.0789246663494,1336.0678013194486,1336.0424200429072,1336.0385976206946,1336.0
2024-09-04,1336.93,1339.79,1339.7867573282003,1339.8463930104804,1339.783917533806,1339.79,1339.8585677691465,1339.8535760198306,1339.8457444761204,1339.821994361757,1339.8154697130449,1339.79
2024-09-05,1335.14,1336.93,1336.928368837822,1336.9858034337897,1336.9282902275966,1336.93,1337.0002971941065,1336.9975851413285,1336.9864126630368,1336.9624856756664,1336.9550570093616,1336.93
2024-09-06,1335.68,1335.14,1335.1443628675124,1335.2004217845347,1335.1462986443141,1335.14,1335.2157704310534,1335.2138543068081,1335.200274390362,1335.1758167839696,1335.170294415632,1335.14
2024-09-09,1342.16,1335.68,1335.6862003815322,1335.7411194502856,1335.6869864837868,1335.68,1335.756124177068,1335.7540017009808,1335.7407362254364,1335.716219661375,1335.7122498449899,1335.68
2024-09-10,1343.41,1342.16,1342.146960528854,1342.2007299230602,1342.1425780087852,1342.16,1342.214948547588,1342.2136809577025,1342.2063014227888,1342.1838680297017,1342.1733735646044,1342.16
2024-09-11,1340.59,1343.41,1343.380943695419,1343.4358234590595,1343.3795581901954,1343.41,1343.4518501187727,1343.453550064898,1343.446819064344,1343.4256630874206,1343.4056174799314,1343.41
2024-09-12,1341.35,1340.59,1340.5589882660609,1340.6162852941338,1340.5656996140585,1340.59,1340.6346211292196,1340.6387579923337,1340.6283028323492,1340.6069699824184,1340.5815395744862,1340.59
2024-09-13,1329.26,1341.35,1341.3140161693013,1341.3732981055668,1341.324638376015,1341.35,1341.3921154282834,1341.3973823133883,1341.386769932953,1341.3657122188113,1341.3360073798704,1341.35
2024-09-16,1320.59,1329.26,1329.258860151731,1329.320932751,1329.2803403958346,1329.26,1329.3413321045036,1329.3455082727305,1329.3236054986653,1329.2987941462584,1329.2794068994074,1329.26
2024-09-17,1323.81,1320.59,1320.6352991424142,1320.697145737285,1320.6579585398993,1320.59,1320.7148919956796,1320.7143024189888,1320.6855409027532,1320.6561210258794,1320.6589313414393,1320.59
2024-09-18,1324.15,1323.81,1323.8748239571596,1323.9331527444417,1323.8827439373736,1323.81,1323.9447674052515,1323.9371029082704,1323.9138441078162,1323.8830682045534,1323.9036935624551,1323.81
2024-09-19,1329.08,1324.15,1324.228030475035,1324.2824680561573,1324.2237167389135,1324.15,1324.2907417823858,1324.2784491083814,1324.2582364541631,1324.2265761858641,1324.2599265740103,1324.15
2024-09-20,1333.66,1329.08,1329.1536774338006,1329.2029856977126,1329.1357936075112,1329.08,1329.2089404222902,1329.1939553480643,1329.1797367235365,1329.1492556086191,1329.1875584409686,1329.08
2024-09-23,1334.12,1333.66,1333.7190657581457,1333.7640111545454,1333.69246602311,1333.66,1333.7700444893485,1333.755364029746,1333.7458423661888,1333.7173461594641,1333.7530646806517,1333.66
2024-09-24,1330.0,1334.12,1334.1690920857918,1334.2119739637735,1334.1425611347033,1334.12,1334.2201101221074,1334.207827274381,1334.198207348042,1334.1707920319172,1334.2017546344653,1334.12
2024-09-25,1335.1,1330.0,1330.0548306322496,1330.0976633788405,1330.0344116261897,1330.0,1330.1080595811559,1330.0978205992913,1330.0835037119816,1330.055282641046,1330.0861076756996,1330.0
2024-09-26,1314.78,1335.1,1335.1425674370798,1335.1841620726198,1335.1190236745583,1335.1,1335.1940080033569,1335.1843094667925,1335.173972222146,1335.1472152666593,1335.174129442597,1335.1
2024-09-27,1309.43,1314.78,1314.8740767873044,1314.9195036713347,1314.8695861781757,1314.78,1314.93281827827,1314.924505246929,1314.8956847730242,1314.8625898681107,1314.904302418989,1314.78
2024-09-30,1314.94,1309.43,1309.567115885737,1309.6126705113838,1309.5625859714955,1309.43,1309.6213667675738,1309.6087105212769,1309.5763329346707,1309.5382659329978,1309.602637881361,1309.43
2024-10-01,1323.78,1314.94,1315.0894085597413,1315.1318973865957,1315.0682034514268,1314.94,1315.1337349006155,1315.1137384245174,1315.0893102969594,1315.0503785828066,1315.130069698854,1314.94
2024-10-02,1321.53,1323.78,1323.9158876009642,1323.952903190872,1323.8748628895587,1323.78,1323.951065676852,1323.9263329346707,1323.9122125729245,1323.8758160385423,1323.958661389886,1323.78
2024-10-03,1335.58,1321.53,1321.6653078505515,1321.699434514674,1321.6216890017063,1321.53,1321.699267467945,1321.6751832601235,1321.6598935712739,1321.6237230412898,1321.7076296306768,1321.53
2024-10-04,1348.74,1335.58,1335.6763761363986,1335.704420334327,1335.6177525607711,1335.58,1335.7036440583506,1335.6802673425582,1335.6768183189167,1335.645934326594,1335.718422780735,1335.58
2024-10-07,1343.75,1348.74,1348.7729966421316,1348.7976606003658,1348.7087819142191,1348.74,1348.800598657542,1348.784739044558,1348.7917255283444,1348.767582362854,1348.8120462716226,1348.74
2024-10-08,1346.49,1343.75,1343.756947178674,1343.7862589664876,1343.7140358218578,1343.75,1343.7977458856813,1343.7918304662162,1343.7909264486236,1343.7683358350857,1343.7891970236637,1343.75
2024-10-09,1346.04,1346.49,1346.468057920822,1346.502715203966,1346.4408293039826,1346.49,1346.518397943943,1346.51976379661,1346.5176314942448,1346.497114225403,1346.4965836063811,1346.49
2024-10-10,1350.77,1346.04,1345.998562584911,1346.0408254073673,1345.9880189884227,1346.04,1346.0599669972637,1346.0667373029303,1346.0615981594417,1346.0420143870272,1346.0233641110397,1346.04
2024-10-11,1350.71,1350.77,1350.6976982451447,1350.7474978229657,1350.6984941736773,1350.77,1350.768260748762,1350.7799736723537,1350.7771437042375,1350.7596922341882,1350.7204264265772,1350.77
2024-10-15,1365.17,1350.71,1350.6158839075829,1350.674861229225,1350.632175876807,1350.71,1350.6983067289648,1350.7147362660833,1350.710098262782,1350.6936588993851,1350.6353595909377,1350.71
2024-10-16,1363.76,1365.17,1365.0078565837364,1365.076473484274,1365.0326089784742,1365.17,1365.100321861419,1365.1260372314186,1365.1328959735888,1365.121389401839,1365.0274698349856,1365.17
2024-10-17,1371.08,1363.76,1363.5553874094383,1363.6399621857415,1363.6082920911645,1363.76,1363.6692837998335,1363.705316761923,1363.7082744716556,1363.6983401044147,1363.569163851448,1363.76
2024-10-18,1369.65,1371.08,1370.8140223021983,1370.916264726671,1370.8931434941112,1371.08,1370.9485342242172,1370.996368546402,1371.0027654534977,1370.9958968850492,1370.8258236622935,1371.08
2024-10-21,1379.14,1369.65,1369.3434201207547,1369.4669757426018,1369.4569824176917,1369.65,1369.5038242857804,1369.561268708026,1369.5630079592643,1369.5570925397992,1369.3502690366468,1369.65
2024-10-22,1379.22,1379.14,1378.7618946418756,1378.9092298569208,1378.9057415281663,1379.14,1378.9474147739318,1379.0174663110838,1379.025022719005,1379.0222811873923,1378.7691857402858,1379.14
2024-10-23,1381.61,1379.22,1378.7868576577841,1378.9628463000047,1378.9716801240895,1379.22,1379.0048438129502,1379.086352790461,1379.0908139207552,1379.089339979028,1378.7903754653728,1379.22
2024-10-24,1382.11,1381.61,1381.1212704021143,1381.3271505825614,1381.3464886980216,1381.61,1381.371712754112,1381.463598281382,1381.4669392159635,1381.466860605738,1381.1235107935397,1381.61
2024-10-25,1389.24,1382.11,1381.5733869485387,1381.8101118161958,1381.839128815664,1382.11,1381.8570224682314,1381.9572112005644,1381.958105391879,1381.9588521890207,1381.574487491695,1382.11
2024-10-28,1385.57,1389.24,1388.6316944229307,1388.9025656072665,1388.936918275787,1389.24,1388.949574522084,1389.0612010422196,1389.0664482747682,1389.069376505666,1388.6360769429994,1389.24
2024-10-29,1382.2,1385.57,1384.9199916983307,1385.2260409585542,1385.2714580163065,1385.57,1385.276213934946,1385.3948760702592,1385.3939130949975,1385.3968609784517,1384.9220159116358,1385.57
2024-10-30,1378.41,1382.2,1381.5270080336654,1381.8627326539956,1381.9162170861343,1382.2,1381.915155848091,1382.0357144550928,1382.029150501268,1382.0316365496478,1381.5289831155799,1382.2
2024-10-31,1377.57,1378.41,1377.7313677499897,1378.0897222889705,1378.146665571029,1378.41,1378.1432755050566,1378.261141711837,1378.2499790598235,1378.2515217854977,1377.734531811564,1378.41
2024-11-01,1376.95,1377.57,1376.887103145259,1377.2620149629747,1377.317091252179,1377.57,1377.3149392972573,1377.4288356876525,1377.4171718954517,1377.4182331334953,1376.8939520611511,1377.57
2024-11-04,1375.17,1376.95,1376.265413025412,1376.651919851381,1376.7034783329966,1376.95,1376.7039106892364,1376.8138863946376,1376.8025665221733,1376.8032838404804,1376.2757699226147,1376.95
2024-11-05,1380.26,1375.17,1374.491603580666,1374.8846448816255,1374.9330884330575,1375.17,1374.936036316512,1375.041727764626,1375.0297298789671,1375.029887099418,1374.5044366999703,1375.17
2024-11-06,1399.98,1380.26,1379.5632186141893,1379.9628435215302,1380.0055387002262,1380.26,1380.0121124803293,1380.117833407278,1380.1117018096932,1380.112890789353,1379.5819966317931,1380.26
2024-11-07,1384.66,1399.98,1399.1827154409548,1399.6028870959717,1399.6381241295287,1399.98,1399.6473411784623,1399.7700320878296,1399.7829438173594,1399.7890164572752,1399.2141988362464,1399.98
2024-11-08,1396.69,1384.66,1383.856485580588,1384.2998472521122,1384.3530860272965,1384.66,1384.351474517675,1384.479275091696,1384.4748729190712,1384.478999955907,1383.8773565954443,1384.66
2024-11-12,1408.28,1396.69,1395.8197848042958,1396.2865723230034,1396.3425428035218,1396.69,1396.3363915533807,1396.4754726947538,1396.480051740386,1396.4867532621054,1395.8511502842493,1396.69
2024-11-13,1404.24,1408.28,1407.3052921621195,1407.8109327847544,1407.8709320393273,1408.28,1407.8580792674666,1408.0180510762525,1408.0318471708185,1408.0415555336613,1407.3454226822105,1408.28
2024-11-14,1402.77,1404.24,1403.2005566414637,1403.7505530838073,1403.8271587485058,1404.24,1403.8010208485446,1403.9756141592636,1403.9814116633904,1403.9913755094658,1403.2387219059183,1404.24
2024-11-15,1397.42,1402.77,1401.6780646634209,1402.2705302800628,1402.360696208651,1402.77,1402.323434961789,1402.507107753547,1402.5072256688852,1402.517366387968,1401.7190795485483,1402.77
2024-11-18,1394.28,1397.42,1396.3050711724777,1396.9337564504942,1397.0341810135035,1397.42,1396.9897465835693,1397.174264435251,1397.1663248024809,1397.1755418514147,1396.3473831263248,1397.42
2024-11-19,1392.83,1394.28,1393.1548518431694,1393.8113061833253,1393.9150323758033,1394.28,1393.8688095632403,1394.0493969036497,1394.037310581487,1394.0456825704973,1393.2015266645287,1394.28
2024-11-20,1399.51,1392.83,1391.7007248063333,1392.3766155247313,1392.4783961141295,1392.83,1392.4341975148716,1392.6092821394996,1392.5962524946317,1392.6040152543947,1391.7527647755796,1392.83
2024-11-21,1401.0,1399.51,1398.3451929844312,1399.0403039029509,1399.1352257501787,1399.51,1399.094839746855,1399.2711428299776,1399.265738376978,1399.2747195952354,1398.407923944338,1399.51
2024-11-22,1405.49,1401.0,1399.8010368414741,1400.5178638347738,1400.6117440965147,1401.0,1400.571476008529,1400.7515523824732,1400.7479756172152,1400.7575464121635,1399.8687792032536,1401.0
2024-11-25,1401.03,1405.49,1404.241610662224,1404.9833177918779,1405.077925198204,1405.49,1405.0354363713495,1405.2233934203946,1405.2234916831765,1405.2343005891755,1404.316762037752,1405.49
2024-11-26,1396.69,1401.03,1399.7613685291712,1400.5270910826994,1400.6287144516466,1401.03,1400.5813321382582,1400.7720601977503,1400.7663216512926,1400.7766392433825,1399.83689330327,1401.03
2024-11-27,1391.14,1396.69,1395.4194622312043,1396.2033830519233,1396.3099392125175,1396.69,1396.2599038040203,1396.447900158178,1396.4366785484954,1396.4461314281054,1395.4975221850736,1396.69
2024-11-29,1396.99,1391.14,1389.8893702707987,1390.682743971128,1390.790263106984,1391.14,1390.7412496314175,1390.920932954234,1390.9044051543337,1390.9124430498857,1389.9698867942134,1391.14
2024-12-02,1406.13,1396.99,1395.7265961091634,1396.5264158479795,1396.6260739612906,1396.99,1396.5821898029346,1396.7592396831988,1396.7498850663706,1396.758650106508,1395.8179804962463,1396.99
2024-12-03,1427.83,1406.13,1404.8175629810407,1405.6307661107392,1405.7236047869926,1406.13,1405.682452333971,1405.8670881009907,1405.867854550689,1405.8785848464624,1404.9193828755517,1406.13
2024-12-04,1412.16,1427.83,1426.3839649028923,1427.229751971039,1427.3168521008347,1427.83,1427.2715529584207,1427.4868663659215,1427.5081697370176,1427.5236559514308,1426.5034524455727,1427.83
2024-12-05,1415.88,1412.16,1410.6780203773067,1411.5676522986964,1411.678473064021,1412.16,1411.6160761975723,1411.8427094775375,1411.8439672411446,1411.8579009036052,1410.7856967336136,1412.16
2024-12-06,1422.4,1415.88,1414.342423295359,1415.26807835256,1415.3900617698982,1415.88,1415.3167380821121,1415.5537479118364,1415.5541802680764,1415.5689786430169,1414.4589433020285,1415.88
2024-12-09,1430.05,1422.4,1420.789983972609,1421.7531754124614,1421.879698570319,1422.4,1421.79839594465,1422.0498110981878,1422.0542525759254,1422.070348019586,1420.9147973580634,1422.4
2024-12-10,1432.6,1430.05,1428.3438829719992,1429.355871709298,1429.4866594718865,1430.05,1429.3956484833745,1429.667305769965,1429.6766407342368,1429.6945245605261,1428.4781885421764,1430.05
2024-12-11,1428.5,1432.6,1430.8056429939343,1431.8706543282976,1432.010894970496,1432.6,1431.90683468456,1432.1981052223994,1432.2062413807332,1432.2251667925098,1430.9439183804966,1432.6
2024-12-12,1429.47,1428.5,1426.6466853248487,1427.7646996037201,1427.9191293916117,1428.5,1427.8019215454694,1428.1038634214135,1428.1033917600607,1428.1222189090554,1426.7850393216365,1428.5
2024-12-13,1434.82,1429.47,1427.5551335183234,1428.724106875841,1428.8867121271792,1429.47,1428.760601673005,1429.070797622621,1429.0678890442796,1429.0870895918451,1427.7010537493104,1429.47
2024-12-16,1437.86,1434.82,1432.8286457689628,1434.0480082809925,1434.2127556609742,1434.82,1434.080140210644,1434.402225956859,1434.4026190079862,1434.422861141039,1432.985217685498,1434.82
2024-12-17,1436.16,1437.86,1435.7910771290024,1437.0635801534345,1437.2317274256668,1437.86,1437.0914278257992,1437.4266414796639,1437.42795820094,1437.4490453939165,1435.955274237406,1437.86
2024-12-18,1438.13,1436.16,1434.0295842801463,1435.3559549615663,1435.5316684679979,1436.16,1435.3828986163385,1435.7266021745515,1435.7234577655336,1435.744662873848,1434.1981639086187,1436.16
2024-12-19,1446.06,1438.13,1435.9369712355774,1437.3122964348947,1437.4923924613952,1438.13,1437.3369407405726,1437.6890359403521,1437.685557437876,1437.7073324703251,1436.1135101493762,1438.13
2024-12-20,1444.52,1446.06,1443.788105526897,1445.205880247956,1445.3846399006238,1446.06,1445.222879709209,1445.5907559117472,1445.5937037952015,1445.6169331168212,1443.9736060063967,1446.06
2024-12-23,1451.76,1444.52,1442.1895802140514,1443.6536170527863,1443.8389210067226,1444.52,1443.6679241138177,1444.0470219260385,1444.0459017303258,1444.069366882622,1442.374098065733,1444.52
2024-12-24,1457.36,1451.76,1449.3564530518288,1450.8581245359967,1451.044194939631,1451.76,1450.8645902270398,1451.2608447209645,1451.2645787066733,1451.2894981481402,1449.5461788309465,1451.76
2024-12-26,1467.66,1457.36,1454.881262371188,1456.4207060686836,1456.6080538884814,1457.36,1456.417640269891,1456.8345299479959,1456.8414279952788,1456.8676445054657,1455.0703789210586,1457.36
2024-12-27,1470.4,1467.66,1465.0934940544762,1466.6647552407214,1466.849960931876,1467.66,1466.646262185185,1467.092276951818,1467.1067215807439,1467.1350016093486,1465.2805667384848,1467.66
2024-12-30,1472.32,1470.4,1467.7606420280426,1469.3673760785211,1469.5578486547806,1470.4,1469.336737743153,1469.8094996389946,1469.8223720634116,1469.8519491607362,1467.9357266526706,1470.4
2024-12-31,1477.86,1472.32,1469.6202693748987,1471.2586243885637,1471.4568990296987,1472.32,1471.2180615122327,1471.7139151617994,1471.723505609304,1471.7543404702358,1469.7825208802224,1472.32
